session_id,user_id,timestamp,device_type,action,time_spent,content_category,engagement
1,103,2023-10-21 19:18:39,Desktop,post,190.8,technology,1
2,436,2023-06-08 02:38:23,Desktop,like,577.7,entertainment,1
3,861,2023-10-30 16:51:43,Desktop,post,579.0,technology,1
4,271,2023-08-16 17:52:59,Desktop,view,180.8,lifestyle,0
5,107,2023-12-31 16:04:26,Tablet,view,293.0,technology,1
6,72,2023-08-04 04:41:45,Mobile,view,584.0,sports,0
7,701,2023-07-03 12:43:58,Desktop,view,12.9,lifestyle,0
8,21,2023-01-15 16:11:19,Mobile,like,253.5,technology,1
9,615,2023-06-06 07:26:46,Mobile,view,69.3,news,1
10,122,2023-05-16 12:30:00,Desktop,like,310.4,technology,1
11,467,2023-09-18 06:09:28,Desktop,view,24.6,sports,0
12,215,2023-06-06 19:28:39,Mobile,view,250.1,entertainment,0
13,331,2023-02-16 10:45:14,Mobile,comment,140.2,entertainment,1
14,459,2023-11-20 15:01:33,Desktop,view,324.7,entertainment,0
15,88,2023-11-28 15:23:39,Desktop,like,597.6,news,1
16,373,2023-06-22 13:39:05,Mobile,like,482.3,sports,1
17,100,2023-05-10 21:30:25,Desktop,share,508.9,lifestyle,1
18,872,2023-04-05 21:36:51,Mobile,view,384.8,entertainment,0
19,664,2023-04-25 00:41:01,Mobile,like,34.5,sports,1
20,131,2023-08-31 03:58:11,Desktop,post,132.0,technology,1
21,662,2023-10-19 13:00:04,Tablet,comment,555.8,news,1
22,309,2023-10-09 21:22:51,Mobile,view,226.0,sports,0
23,770,2023-10-26 18:02:26,Desktop,like,71.1,sports,1
24,344,2023-10-10 23:21:20,Mobile,comment,424.4,lifestyle,1
25,492,2023-03-10 17:02:12,Mobile,like,186.7,sports,1
26,414,2023-05-28 21:36:34,Mobile,view,168.6,lifestyle,0
27,806,2023-01-11 08:34:01,Desktop,view,598.8,news,1
28,386,2023-09-11 13:32:38,Tablet,share,516.3,news,1
29,192,2023-11-26 21:11:12,Mobile,view,250.7,technology,0
30,956,2023-12-26 10:27:23,Desktop,comment,588.4,lifestyle,1
31,277,2023-02-07 14:00:08,Desktop,view,393.6,lifestyle,0
32,161,2023-05-14 12:12:30,Desktop,like,447.8,entertainment,1
33,460,2023-07-19 15:47:29,Mobile,view,28.6,entertainment,0
34,314,2023-01-23 07:47:24,Desktop,view,81.7,technology,0
35,22,2023-10-30 04:26:37,Desktop,post,383.5,news,1
36,253,2023-12-12 22:09:11,Mobile,share,540.4,entertainment,1
37,748,2023-10-29 06:38:31,Desktop,like,378.0,sports,1
38,857,2023-12-29 15:25:33,Desktop,view,89.1,news,0
39,561,2023-08-06 22:56:06,Desktop,like,78.3,sports,1
40,475,2023-05-21 04:02:51,Desktop,like,508.1,lifestyle,1
41,59,2023-04-14 16:05:41,Desktop,like,92.2,news,1
42,511,2023-07-29 16:06:45,Mobile,view,316.9,technology,0
43,682,2023-04-21 23:57:30,Desktop,like,31.9,lifestyle,1
44,476,2023-04-14 16:18:32,Desktop,comment,57.6,lifestyle,1
45,700,2023-11-12 12:05:41,Mobile,post,406.7,sports,1
46,976,2023-06-20 06:29:47,Mobile,view,416.6,lifestyle,0
47,783,2023-12-22 13:35:08,Mobile,comment,211.5,entertainment,1
48,190,2023-11-20 23:44:17,Mobile,like,137.2,news,1
49,958,2023-05-13 03:37:37,Desktop,view,490.1,entertainment,0
50,687,2023-10-20 17:47:08,Mobile,view,138.1,sports,0
51,958,2023-11-24 15:28:51,Mobile,view,329.8,sports,0
52,563,2023-05-07 06:54:18,Desktop,view,581.2,news,0
53,876,2023-04-16 13:31:29,Tablet,view,97.2,lifestyle,0
54,567,2023-04-02 12:23:58,Desktop,comment,565.1,technology,1
55,244,2023-10-14 12:54:46,Mobile,comment,117.9,sports,1
56,832,2023-02-20 05:42:47,Desktop,like,344.8,news,1
57,505,2023-01-29 08:15:39,Mobile,post,232.4,technology,1
58,131,2023-10-23 16:03:24,Mobile,view,579.3,lifestyle,0
59,485,2023-10-24 01:02:34,Mobile,view,171.4,sports,0
60,819,2023-08-02 07:30:44,Desktop,like,245.8,news,1
61,647,2023-09-24 18:41:00,Mobile,view,589.9,news,0
62,21,2023-09-14 18:35:12,Mobile,view,326.5,news,0
63,841,2023-10-29 02:25:06,Mobile,view,306.6,sports,0
64,167,2023-04-11 02:28:14,Mobile,view,162.1,technology,0
65,274,2023-12-12 05:00:37,Mobile,share,423.8,news,1
66,388,2023-04-20 23:19:46,Mobile,view,18.5,lifestyle,0
67,601,2023-07-01 22:45:42,Desktop,view,39.2,news,0
68,316,2023-11-09 14:20:12,Mobile,view,363.6,technology,0
69,14,2023-01-01 08:15:25,Desktop,like,211.6,sports,1
70,242,2023-11-15 01:38:46,Tablet,view,572.5,news,0
71,777,2023-02-24 02:38:16,Mobile,comment,542.9,news,1
72,346,2023-05-29 15:40:47,Tablet,view,431.1,lifestyle,0
73,565,2023-11-05 08:16:46,Desktop,view,492.7,lifestyle,0
74,898,2023-05-17 11:28:41,Mobile,like,403.7,news,1
75,340,2023-07-21 18:04:55,Mobile,view,84.1,news,0
76,92,2023-11-09 06:17:36,Mobile,view,461.7,lifestyle,0
77,367,2023-04-27 15:19:07,Mobile,view,134.0,technology,0
78,956,2023-06-03 13:47:46,Desktop,post,200.8,entertainment,1
79,455,2023-10-18 22:52:48,Mobile,view,493.3,entertainment,0
80,428,2023-03-04 10:46:27,Mobile,like,326.6,news,1
81,509,2023-09-01 17:29:06,Desktop,view,517.4,lifestyle,0
82,776,2023-01-25 06:02:07,Desktop,view,135.7,sports,0
83,943,2023-03-31 18:54:16,Tablet,view,368.6,sports,0
84,35,2023-03-16 00:51:21,Mobile,post,59.4,entertainment,1
85,206,2023-10-21 09:29:56,Tablet,view,389.4,technology,0
86,81,2023-07-29 10:12:15,Mobile,view,459.9,entertainment,0
87,932,2023-12-13 22:15:02,Desktop,view,355.1,news,0
88,562,2023-01-17 22:06:18,Desktop,view,167.1,technology,0
89,872,2023-05-08 07:04:58,Desktop,view,28.5,sports,0
90,388,2023-12-30 21:21:05,Desktop,like,80.5,lifestyle,1
91,2,2023-09-08 08:47:36,Desktop,view,377.2,lifestyle,0
92,390,2023-06-28 18:48:15,Desktop,view,561.3,news,0
93,566,2023-07-01 10:31:40,Mobile,comment,131.9,entertainment,1
94,106,2023-06-01 23:34:59,Tablet,view,443.7,news,0
95,772,2023-01-25 13:15:01,Mobile,view,521.2,lifestyle,0
96,822,2023-06-29 05:17:13,Mobile,view,317.3,sports,0
97,477,2023-07-17 03:00:05,Mobile,like,404.9,lifestyle,1
98,703,2023-12-10 09:57:31,Desktop,view,490.9,technology,0
99,402,2023-06-10 07:27:12,Desktop,view,163.8,lifestyle,0
100,730,2023-06-26 17:37:17,Desktop,view,185.2,lifestyle,0
101,556,2023-10-12 03:52:24,Desktop,like,10.4,technology,1
102,162,2023-03-04 05:31:13,Mobile,view,578.2,entertainment,0
103,202,2023-05-30 11:12:52,Desktop,like,551.4,lifestyle,1
104,958,2023-06-03 04:16:19,Desktop,share,461.1,news,1
105,996,2023-06-05 10:12:31,Desktop,like,56.7,lifestyle,1
106,270,2023-02-18 01:25:10,Tablet,view,274.0,news,0
107,863,2023-12-03 15:05:41,Mobile,view,70.1,technology,0
108,816,2023-03-25 03:21:27,Mobile,view,19.4,lifestyle,0
109,271,2023-12-27 06:36:02,Desktop,view,373.5,technology,0
110,456,2023-06-26 22:56:57,Mobile,view,576.9,technology,0
111,462,2023-05-28 02:39:56,Mobile,comment,542.7,entertainment,1
112,727,2023-04-28 05:05:13,Mobile,view,421.1,lifestyle,0
113,252,2023-12-08 18:29:09,Tablet,view,67.0,news,0
114,702,2023-03-04 06:35:05,Desktop,like,171.8,news,1
115,296,2023-07-08 18:42:44,Tablet,like,198.8,lifestyle,1
116,725,2023-12-26 20:24:05,Tablet,view,460.3,entertainment,0
117,720,2023-02-18 21:50:45,Desktop,share,483.3,entertainment,1
118,749,2023-11-23 00:33:43,Mobile,view,237.2,entertainment,0
119,338,2023-09-14 16:36:36,Tablet,comment,256.6,news,1
120,879,2023-08-12 22:14:33,Desktop,comment,36.3,technology,1
121,53,2023-05-21 17:53:49,Mobile,comment,180.6,entertainment,1
122,792,2023-08-03 17:07:07,Tablet,like,276.3,news,1
123,922,2023-07-30 09:24:08,Mobile,view,79.0,news,1
124,217,2023-11-14 10:30:04,Desktop,view,277.4,technology,0
125,764,2023-02-01 04:16:19,Mobile,like,513.4,lifestyle,1
126,188,2023-06-07 16:34:24,Desktop,view,353.0,lifestyle,0
127,380,2023-10-12 07:42:46,Mobile,share,56.6,entertainment,1
128,493,2023-11-01 18:54:59,Desktop,view,123.1,entertainment,0
129,41,2023-10-13 10:01:00,Mobile,view,290.0,technology,1
130,157,2023-05-24 19:12:02,Mobile,view,223.3,entertainment,0
131,15,2023-01-19 04:28:07,Mobile,view,221.6,technology,0
132,813,2023-01-18 13:34:28,Mobile,like,322.3,news,1
133,65,2023-09-14 06:27:05,Mobile,comment,354.8,entertainment,1
134,857,2023-03-19 01:50:43,Mobile,like,480.1,news,1
135,839,2023-06-24 10:12:07,Desktop,share,211.2,sports,1
136,521,2023-07-13 03:03:25,Mobile,share,485.2,technology,1
137,344,2023-04-23 18:14:57,Desktop,share,209.8,sports,1
138,129,2023-04-24 04:27:09,Tablet,view,42.7,entertainment,1
139,648,2023-08-10 03:57:06,Desktop,comment,337.0,news,1
140,472,2023-06-15 17:40:46,Mobile,view,356.9,entertainment,1
141,63,2023-11-15 16:50:03,Mobile,view,561.4,sports,0
142,139,2023-05-12 07:58:51,Mobile,like,438.4,entertainment,1
143,499,2023-09-21 19:08:46,Desktop,view,551.5,lifestyle,0
144,593,2023-02-24 01:39:57,Mobile,view,545.9,sports,0
145,392,2023-12-25 15:25:06,Mobile,view,366.7,entertainment,1
146,675,2023-05-11 21:43:49,Mobile,view,321.4,news,0
147,419,2023-10-15 13:50:15,Desktop,post,338.9,entertainment,1
148,289,2023-09-23 11:41:32,Mobile,view,587.2,news,0
149,379,2023-06-11 17:22:19,Mobile,view,466.2,lifestyle,0
150,773,2023-03-28 18:21:17,Mobile,view,72.7,entertainment,0
151,490,2023-02-24 06:03:37,Mobile,view,469.3,lifestyle,0
152,231,2023-10-15 10:31:01,Mobile,post,110.6,sports,1
153,41,2023-06-27 03:43:48,Desktop,view,273.9,news,0
154,28,2023-12-15 12:12:14,Desktop,like,134.2,sports,1
155,135,2023-01-08 02:50:58,Desktop,like,416.9,news,1
156,201,2023-11-17 16:02:55,Desktop,post,527.6,lifestyle,1
157,840,2023-11-09 22:39:40,Mobile,like,181.3,technology,1
158,780,2023-09-04 01:31:09,Mobile,share,58.4,entertainment,1
159,930,2023-11-19 08:00:54,Desktop,view,186.1,lifestyle,0
160,33,2023-09-12 01:44:16,Tablet,view,406.7,news,0
161,48,2023-11-24 21:10:56,Desktop,view,204.0,news,0
162,503,2023-02-23 09:25:37,Mobile,share,174.1,news,1
163,407,2023-09-06 00:27:31,Mobile,view,118.8,news,0
164,574,2023-08-27 13:58:08,Desktop,view,303.5,entertainment,0
165,728,2023-08-17 23:32:10,Desktop,view,172.8,sports,0
166,805,2023-03-08 06:57:31,Mobile,view,441.3,technology,0
167,99,2023-02-20 07:36:26,Desktop,view,55.2,entertainment,0
168,684,2023-04-07 20:50:54,Tablet,post,401.8,news,1
169,872,2023-04-02 04:29:44,Mobile,view,150.2,entertainment,0
170,726,2023-09-21 09:23:07,Tablet,like,298.7,lifestyle,1
171,987,2023-10-18 06:00:21,Desktop,comment,178.8,news,1
172,547,2023-04-06 20:59:24,Mobile,view,436.4,technology,0
173,961,2023-03-29 21:39:44,Mobile,view,567.7,news,1
174,739,2023-03-19 16:36:32,Mobile,view,551.1,technology,0
175,613,2023-10-15 12:34:13,Desktop,view,354.2,technology,1
176,943,2023-04-30 09:27:31,Mobile,like,282.9,sports,1
177,462,2023-10-29 13:50:11,Mobile,view,492.8,sports,0
178,643,2023-06-14 08:27:27,Mobile,view,413.2,entertainment,1
179,769,2023-07-01 23:18:50,Desktop,like,118.3,entertainment,1
180,5,2023-08-11 08:24:14,Mobile,post,494.3,technology,1
181,218,2023-11-07 23:20:45,Desktop,share,263.0,news,1
182,503,2023-01-07 15:56:58,Mobile,share,121.5,lifestyle,1
183,767,2023-11-26 04:01:12,Mobile,comment,176.3,lifestyle,1
184,398,2023-09-20 00:57:51,Mobile,view,167.8,news,0
185,871,2023-06-10 02:18:49,Mobile,comment,316.3,news,1
186,795,2023-05-31 09:41:05,Mobile,view,148.3,sports,1
187,393,2023-03-26 13:00:50,Tablet,like,82.9,lifestyle,1
188,207,2023-05-27 15:03:40,Desktop,like,83.0,technology,1
189,15,2023-04-22 01:46:37,Mobile,view,354.1,entertainment,0
190,858,2023-02-05 09:52:05,Mobile,comment,443.5,sports,1
191,554,2023-10-12 14:44:32,Mobile,post,199.7,lifestyle,1
192,892,2023-07-07 23:17:00,Desktop,view,30.4,news,0
193,461,2023-03-23 23:28:50,Mobile,share,85.1,lifestyle,1
194,691,2023-01-02 06:28:04,Mobile,view,549.7,technology,0
195,575,2023-10-30 17:02:10,Desktop,like,301.2,sports,1
196,864,2023-07-16 23:09:29,Tablet,view,277.6,news,0
197,743,2023-01-11 06:58:42,Desktop,like,32.4,technology,1
198,241,2023-08-22 19:35:53,Desktop,post,439.9,entertainment,1
199,564,2023-07-14 22:45:06,Desktop,share,321.6,sports,1
200,96,2023-04-29 17:26:52,Desktop,comment,129.2,technology,1
201,900,2023-01-20 02:13:19,Tablet,view,74.9,technology,0
202,734,2023-09-18 06:13:56,Desktop,post,236.2,news,1
203,485,2023-10-20 11:56:03,Mobile,view,503.9,entertainment,0
204,407,2023-09-13 00:34:56,Desktop,share,520.5,technology,1
205,231,2023-08-10 07:01:19,Mobile,view,365.7,sports,0
206,749,2023-08-14 07:16:41,Mobile,view,439.2,technology,0
207,655,2023-02-22 05:28:35,Desktop,like,77.9,lifestyle,1
208,171,2023-12-21 08:08:29,Desktop,view,357.0,sports,0
209,541,2023-12-08 04:11:18,Mobile,view,403.5,sports,0
210,36,2023-12-30 15:43:34,Desktop,view,128.4,technology,0
211,525,2023-10-07 01:25:05,Mobile,view,529.3,news,0
212,160,2023-03-22 00:47:19,Desktop,view,125.0,sports,0
213,839,2023-07-21 19:08:40,Mobile,view,195.0,lifestyle,0
214,699,2023-06-07 12:06:59,Desktop,view,376.1,news,0
215,243,2023-04-30 11:53:41,Mobile,view,386.6,news,0
216,86,2023-02-28 03:44:53,Desktop,like,422.6,news,1
217,796,2023-08-03 04:44:29,Tablet,view,76.1,sports,0
218,578,2023-05-08 02:05:31,Desktop,post,511.2,news,1
219,682,2023-08-12 10:17:31,Mobile,share,324.4,technology,1
220,557,2023-07-28 02:08:56,Mobile,view,288.1,news,0
221,574,2023-04-25 02:08:30,Desktop,comment,588.8,lifestyle,1
222,953,2023-07-28 18:39:15,Mobile,share,446.8,entertainment,1
223,646,2023-01-14 03:52:55,Desktop,post,79.6,lifestyle,1
224,796,2023-01-09 17:20:24,Mobile,like,456.4,sports,1
225,28,2023-02-09 12:40:03,Tablet,view,66.2,news,1
226,620,2023-08-25 06:27:32,Mobile,like,26.2,news,1
227,556,2023-10-08 22:26:37,Desktop,like,248.1,technology,1
228,340,2023-12-25 00:23:51,Mobile,like,596.2,news,1
229,798,2023-07-20 20:43:23,Mobile,view,113.2,lifestyle,1
230,958,2023-09-03 10:24:41,Mobile,share,406.9,sports,1
231,331,2023-10-05 02:39:17,Mobile,post,112.3,entertainment,1
232,640,2023-08-23 20:49:31,Mobile,view,437.6,news,0
233,506,2023-01-04 00:02:42,Mobile,view,308.2,entertainment,0
234,348,2023-06-03 09:39:02,Mobile,view,411.2,news,0
235,473,2023-01-29 05:27:55,Desktop,share,129.7,sports,1
236,231,2023-04-19 20:33:17,Mobile,like,449.9,lifestyle,1
237,190,2023-04-08 04:43:35,Mobile,like,597.4,sports,1
238,225,2023-08-03 13:54:17,Mobile,view,402.7,entertainment,0
239,385,2023-10-20 09:03:11,Mobile,like,301.2,news,1
240,377,2023-03-16 02:43:53,Mobile,view,554.7,entertainment,0
241,283,2023-11-22 02:11:36,Desktop,view,19.4,lifestyle,0
242,958,2023-05-26 09:09:32,Mobile,comment,440.7,sports,1
243,633,2023-05-08 13:48:53,Mobile,post,534.4,entertainment,1
244,628,2023-12-07 11:36:40,Mobile,post,46.4,entertainment,1
245,973,2023-02-11 01:29:07,Desktop,post,275.5,lifestyle,1
246,745,2023-12-22 16:24:23,Desktop,view,130.8,news,0
247,259,2023-02-10 00:44:03,Desktop,view,344.2,entertainment,0
248,359,2023-02-03 11:19:45,Mobile,comment,393.2,lifestyle,1
249,710,2023-01-17 05:11:21,Desktop,post,188.5,news,1
250,456,2023-06-14 13:53:46,Mobile,view,281.4,news,0
251,411,2023-06-02 04:24:52,Tablet,view,174.8,sports,0
252,649,2023-03-17 13:08:19,Desktop,view,227.9,lifestyle,0
253,318,2023-03-28 04:44:33,Mobile,like,104.1,news,1
254,677,2023-04-27 08:31:22,Mobile,view,532.5,sports,0
255,225,2023-12-28 03:58:09,Tablet,view,15.9,technology,0
256,819,2023-12-08 02:12:07,Mobile,view,530.6,lifestyle,0
257,234,2023-01-27 13:25:30,Mobile,view,347.3,technology,0
258,684,2023-11-09 18:31:47,Mobile,share,205.7,news,1
259,664,2023-10-14 21:30:54,Mobile,view,436.6,lifestyle,0
260,975,2023-05-14 18:10:28,Mobile,like,309.6,sports,1
261,827,2023-08-07 14:03:21,Desktop,like,304.5,news,1
262,374,2023-06-17 21:31:05,Tablet,share,75.0,lifestyle,1
263,672,2023-04-08 00:42:19,Mobile,view,239.8,lifestyle,0
264,608,2023-09-25 06:17:49,Mobile,post,152.2,technology,1
265,472,2023-08-25 19:42:48,Desktop,like,19.3,news,1
266,233,2023-11-05 05:44:04,Mobile,post,222.5,sports,1
267,692,2023-06-22 05:12:25,Desktop,post,63.0,sports,1
268,113,2023-07-09 07:50:28,Mobile,view,161.5,news,0
269,830,2023-05-02 09:35:21,Mobile,view,64.6,news,0
270,497,2023-02-15 07:28:48,Desktop,view,69.6,entertainment,0
271,442,2023-03-05 05:05:22,Mobile,like,127.4,technology,1
272,564,2023-05-10 16:01:54,Mobile,view,599.9,news,0
273,268,2023-11-06 17:18:12,Mobile,view,11.3,news,0
274,510,2023-12-29 08:04:15,Desktop,view,386.8,entertainment,0
275,807,2023-07-12 11:54:51,Desktop,view,93.3,entertainment,0
276,386,2023-11-03 22:45:12,Desktop,view,553.2,lifestyle,0
277,387,2023-06-30 01:49:48,Desktop,view,65.2,sports,0
278,113,2023-10-19 01:45:04,Tablet,view,573.5,technology,0
279,613,2023-10-09 02:02:25,Desktop,view,370.4,lifestyle,1
280,625,2023-01-29 08:08:20,Mobile,view,10.7,news,0
281,952,2023-05-29 06:44:19,Desktop,view,537.5,entertainment,0
282,81,2023-09-24 04:15:52,Mobile,share,317.8,sports,1
283,699,2023-10-23 09:16:05,Mobile,like,165.0,lifestyle,1
284,113,2023-01-11 05:24:06,Mobile,view,462.7,sports,0
285,2,2023-06-13 00:38:56,Desktop,view,556.7,entertainment,0
286,642,2023-04-23 17:13:52,Mobile,share,295.4,lifestyle,1
287,220,2023-07-06 20:56:55,Mobile,share,196.2,lifestyle,1
288,566,2023-10-22 02:05:21,Desktop,share,475.5,sports,1
289,855,2023-08-20 19:55:07,Desktop,like,412.3,entertainment,1
290,997,2023-08-15 06:31:21,Mobile,view,534.4,news,0
291,736,2023-11-06 05:07:54,Mobile,view,418.6,lifestyle,0
292,225,2023-04-08 12:59:20,Mobile,view,153.7,news,0
293,385,2023-02-24 15:28:38,Desktop,post,559.7,entertainment,1
294,403,2023-04-21 12:23:49,Mobile,like,71.9,lifestyle,1
295,638,2023-06-01 12:33:52,Mobile,comment,168.1,lifestyle,1
296,130,2023-09-03 18:39:29,Mobile,view,316.9,news,0
297,53,2023-03-10 14:04:29,Mobile,share,343.8,technology,1
298,684,2023-11-08 21:40:21,Mobile,view,19.0,news,0
299,730,2023-10-16 19:13:04,Mobile,view,470.5,news,0
300,672,2023-09-07 13:19:05,Desktop,view,223.3,technology,0
301,710,2023-02-05 03:39:00,Mobile,like,249.8,entertainment,1
302,416,2023-08-27 23:10:57,Desktop,view,487.5,entertainment,0
303,247,2023-05-28 03:59:17,Mobile,share,233.8,lifestyle,1
304,836,2023-08-15 19:04:33,Mobile,view,37.9,sports,0
305,439,2023-09-01 18:13:53,Mobile,like,114.1,sports,1
306,203,2023-12-03 21:22:23,Desktop,like,574.0,lifestyle,1
307,184,2023-12-31 21:44:18,Mobile,view,51.5,sports,0
308,123,2023-07-20 03:35:24,Mobile,share,219.4,news,1
309,401,2023-06-03 19:14:46,Desktop,comment,306.9,news,1
310,767,2023-03-14 20:34:31,Desktop,comment,301.0,technology,1
311,294,2023-07-20 15:55:26,Desktop,share,12.3,technology,1
312,280,2023-10-23 08:30:51,Desktop,comment,305.7,lifestyle,1
313,837,2023-01-17 19:30:02,Desktop,view,236.4,lifestyle,0
314,884,2023-05-09 13:32:57,Desktop,comment,583.5,lifestyle,1
315,610,2023-08-05 04:43:14,Desktop,view,103.9,news,0
316,198,2023-03-02 18:41:03,Mobile,view,219.0,sports,0
317,982,2023-04-14 16:33:54,Mobile,view,257.5,lifestyle,0
318,907,2023-02-11 03:00:00,Tablet,comment,240.5,lifestyle,1
319,511,2023-01-25 10:30:23,Mobile,comment,402.8,news,1
320,752,2023-02-08 17:44:38,Mobile,view,137.2,news,0
321,144,2023-10-18 05:11:48,Mobile,comment,140.4,news,1
322,609,2023-05-11 03:33:39,Mobile,post,440.2,sports,1
323,201,2023-08-17 20:48:25,Mobile,view,305.2,lifestyle,0
324,124,2023-04-18 17:44:30,Mobile,view,254.9,entertainment,1
325,187,2023-06-21 02:34:43,Desktop,comment,109.8,entertainment,1
326,326,2023-04-12 08:29:33,Desktop,view,120.6,lifestyle,1
327,464,2023-12-20 21:51:47,Mobile,like,16.2,lifestyle,1
328,349,2023-01-12 08:35:33,Mobile,view,63.9,lifestyle,0
329,771,2023-10-02 01:36:14,Desktop,view,338.5,lifestyle,0
330,660,2023-04-11 20:00:55,Tablet,comment,536.2,sports,1
331,764,2023-02-13 03:03:03,Mobile,like,179.4,entertainment,1
332,955,2023-11-01 05:02:13,Mobile,share,203.4,technology,1
333,932,2023-01-17 04:08:59,Tablet,share,78.2,entertainment,1
334,403,2023-11-26 00:13:01,Mobile,comment,239.3,entertainment,1
335,346,2023-02-26 15:45:00,Tablet,like,32.0,news,1
336,963,2023-11-07 07:40:24,Mobile,view,551.4,lifestyle,0
337,511,2023-10-30 01:53:43,Desktop,like,407.1,lifestyle,1
338,147,2023-01-12 05:08:09,Mobile,view,594.5,lifestyle,0
339,148,2023-11-14 11:06:01,Mobile,share,530.9,news,1
340,864,2023-03-21 08:05:18,Mobile,view,289.1,sports,0
341,711,2023-08-04 22:43:36,Tablet,like,316.6,sports,1
342,820,2023-12-05 06:11:03,Mobile,view,122.4,technology,1
343,489,2023-09-21 03:46:05,Mobile,comment,282.6,sports,1
344,929,2023-05-29 05:39:14,Mobile,share,542.8,sports,1
345,936,2023-03-22 11:55:51,Mobile,view,40.0,lifestyle,0
346,640,2023-08-03 06:34:08,Mobile,share,519.5,entertainment,1
347,551,2023-07-17 14:05:29,Mobile,view,211.2,sports,0
348,338,2023-07-19 11:39:31,Desktop,like,540.7,sports,1
349,872,2023-01-25 05:10:58,Mobile,share,565.1,news,1
350,641,2023-03-30 05:54:13,Mobile,view,405.8,technology,0
351,779,2023-09-25 17:49:26,Mobile,post,402.0,news,1
352,988,2023-05-23 13:29:23,Mobile,view,277.1,lifestyle,0
353,953,2023-02-28 07:19:50,Mobile,view,503.0,entertainment,0
354,473,2023-12-31 14:19:38,Mobile,post,577.4,technology,1
355,946,2023-01-26 21:57:05,Mobile,view,467.3,news,0
356,151,2023-02-16 09:04:18,Desktop,post,376.9,sports,1
357,415,2023-10-15 01:54:12,Desktop,post,368.0,sports,1
358,990,2023-09-23 00:42:31,Desktop,view,511.2,technology,0
359,298,2023-01-16 19:59:07,Mobile,like,329.3,sports,1
360,611,2023-07-18 16:56:41,Mobile,view,484.3,news,0
361,263,2023-10-09 13:39:19,Mobile,view,310.2,news,0
362,764,2023-03-27 14:21:47,Mobile,view,46.8,sports,0
363,144,2023-09-07 09:14:03,Mobile,view,236.5,sports,0
364,346,2023-09-27 06:03:20,Desktop,view,272.2,lifestyle,0
365,624,2023-12-01 21:05:39,Mobile,view,93.6,entertainment,1
366,572,2023-04-27 16:03:48,Mobile,post,70.5,technology,1
367,881,2023-01-07 02:00:39,Desktop,share,325.9,news,1
368,2,2023-05-17 01:51:50,Desktop,comment,60.2,technology,1
369,897,2023-06-25 05:56:24,Desktop,like,188.7,lifestyle,1
370,304,2023-11-24 05:50:38,Desktop,share,449.3,news,1
371,254,2023-11-11 11:20:46,Mobile,view,579.0,lifestyle,0
372,652,2023-08-03 18:50:21,Desktop,comment,433.5,lifestyle,1
373,453,2023-03-23 10:33:11,Mobile,post,595.6,sports,1
374,37,2023-08-11 21:57:37,Mobile,view,422.0,technology,0
375,160,2023-04-13 01:56:11,Mobile,like,183.3,technology,1
376,9,2023-09-30 08:05:39,Tablet,share,406.5,sports,1
377,233,2023-01-14 23:44:05,Mobile,post,424.3,technology,1
378,99,2023-06-08 21:24:27,Mobile,comment,229.3,sports,1
379,659,2023-06-01 22:17:37,Tablet,view,20.5,news,0
380,816,2023-04-18 23:32:22,Desktop,view,424.9,lifestyle,0
381,208,2023-07-07 10:28:31,Tablet,view,22.8,lifestyle,0
382,131,2023-10-28 01:48:50,Desktop,comment,382.4,technology,1
383,404,2023-04-08 03:05:16,Mobile,view,106.5,entertainment,0
384,152,2023-05-11 18:16:34,Desktop,share,343.7,lifestyle,1
385,54,2023-10-20 00:04:42,Mobile,view,307.3,sports,0
386,120,2023-06-20 22:04:33,Mobile,view,18.0,entertainment,0
387,673,2023-07-02 00:31:38,Mobile,view,224.1,entertainment,0
388,920,2023-12-30 01:08:55,Desktop,comment,364.6,lifestyle,1
389,628,2023-02-08 01:50:29,Desktop,view,510.7,lifestyle,1
390,587,2023-01-15 23:38:40,Desktop,view,534.3,lifestyle,0
391,625,2023-01-04 18:03:51,Desktop,view,295.5,sports,0
392,968,2023-12-15 09:16:20,Tablet,view,439.8,entertainment,0
393,420,2023-07-29 04:44:31,Desktop,view,196.7,technology,0
394,422,2023-06-10 05:34:34,Mobile,share,211.9,sports,1
395,104,2023-01-16 18:50:43,Mobile,like,124.7,news,1
396,852,2023-04-18 11:05:01,Desktop,view,341.5,lifestyle,0
397,254,2023-11-07 03:06:45,Mobile,share,195.6,entertainment,1
398,227,2023-08-15 15:27:41,Desktop,post,59.8,sports,1
399,112,2023-06-19 01:38:26,Desktop,like,414.2,news,1
400,510,2023-02-03 00:43:11,Desktop,like,427.6,sports,1
401,473,2023-09-08 17:29:47,Mobile,share,222.4,sports,1
402,99,2023-09-04 17:36:10,Mobile,post,55.3,technology,1
403,153,2023-09-26 22:24:45,Mobile,comment,261.5,technology,1
404,861,2023-05-21 15:06:40,Mobile,view,271.0,sports,0
405,914,2023-10-01 06:59:10,Desktop,like,404.5,news,1
406,896,2023-04-06 08:50:52,Mobile,comment,196.1,entertainment,1
407,878,2023-08-15 11:54:30,Mobile,view,412.7,entertainment,0
408,338,2023-02-08 14:39:16,Desktop,view,524.2,lifestyle,0
409,706,2023-10-29 15:41:21,Desktop,share,150.1,lifestyle,1
410,822,2023-01-29 00:21:23,Mobile,like,587.6,entertainment,1
411,163,2023-11-14 09:21:31,Desktop,view,238.0,sports,0
412,720,2023-09-02 00:18:45,Mobile,like,167.7,sports,1
413,957,2023-08-24 18:37:45,Desktop,view,258.7,technology,0
414,681,2023-07-04 07:16:10,Desktop,view,65.7,technology,0
415,996,2023-09-29 02:20:38,Desktop,comment,84.2,lifestyle,1
416,161,2023-08-24 05:34:55,Desktop,view,254.5,entertainment,0
417,580,2023-08-27 04:29:14,Mobile,view,459.8,sports,0
418,801,2023-09-23 02:13:24,Mobile,post,541.2,entertainment,1
419,398,2023-12-25 02:42:32,Mobile,view,402.2,news,0
420,277,2023-12-06 15:23:46,Mobile,view,72.1,entertainment,0
421,816,2023-03-06 07:26:59,Mobile,post,406.5,news,1
422,916,2023-06-26 06:43:37,Mobile,comment,384.9,technology,1
423,504,2023-01-03 09:09:54,Desktop,like,485.4,technology,1
424,896,2023-05-22 04:10:36,Mobile,share,496.9,lifestyle,1
425,392,2023-06-07 21:27:55,Mobile,view,522.2,entertainment,1
426,135,2023-11-20 13:43:36,Desktop,comment,254.3,entertainment,1
427,195,2023-05-26 02:39:47,Mobile,like,421.7,news,1
428,401,2023-10-20 00:10:45,Desktop,share,168.3,technology,1
429,640,2023-06-02 08:35:30,Mobile,like,599.6,news,1
430,33,2023-07-12 22:43:55,Mobile,like,113.4,technology,1
431,688,2023-03-14 08:21:30,Mobile,view,16.0,news,1
432,460,2023-11-01 14:29:02,Mobile,view,97.8,technology,0
433,955,2023-12-10 07:21:15,Mobile,comment,467.8,news,1
434,883,2023-05-20 05:14:48,Mobile,like,273.6,technology,1
435,470,2023-07-06 12:08:52,Mobile,like,274.0,news,1
436,375,2023-10-20 22:40:23,Desktop,view,573.5,entertainment,0
437,22,2023-03-02 12:51:45,Mobile,like,552.6,lifestyle,1
438,750,2023-07-17 12:47:17,Mobile,comment,193.6,news,1
439,670,2023-10-22 02:35:46,Tablet,share,133.3,lifestyle,1
440,38,2023-11-15 00:09:47,Mobile,like,510.6,entertainment,1
441,230,2023-10-29 03:32:43,Mobile,post,544.6,entertainment,1
442,365,2023-12-10 16:26:05,Mobile,share,329.5,technology,1
443,563,2023-01-11 19:20:15,Mobile,like,381.4,lifestyle,1
444,438,2023-03-03 10:01:56,Mobile,like,161.6,sports,1
445,776,2023-11-29 23:49:11,Desktop,post,482.5,technology,1
446,283,2023-08-14 07:05:56,Mobile,like,383.0,lifestyle,1
447,27,2023-06-02 16:24:02,Mobile,share,307.1,news,1
448,226,2023-07-18 05:01:39,Mobile,like,45.5,news,1
449,277,2023-02-21 12:31:36,Desktop,like,550.4,entertainment,1
450,798,2023-09-17 19:59:46,Mobile,view,373.1,sports,1
451,609,2023-02-28 03:40:30,Mobile,view,123.7,news,0
452,284,2023-03-13 08:03:29,Desktop,post,367.8,lifestyle,1
453,879,2023-05-28 19:42:49,Mobile,like,409.7,lifestyle,1
454,960,2023-12-15 09:24:26,Mobile,like,320.2,news,1
455,481,2023-03-04 23:24:06,Mobile,post,433.7,lifestyle,1
456,453,2023-11-06 21:22:55,Tablet,like,353.1,lifestyle,1
457,829,2023-08-31 11:37:35,Mobile,like,569.2,entertainment,1
458,816,2023-11-26 22:39:17,Mobile,comment,41.7,sports,1
459,659,2023-04-17 01:46:56,Mobile,comment,72.7,entertainment,1
460,516,2023-08-14 20:08:36,Desktop,view,112.5,sports,0
461,547,2023-11-09 15:31:55,Desktop,view,417.2,lifestyle,0
462,192,2023-08-06 05:00:58,Mobile,view,390.9,sports,0
463,49,2023-08-29 21:17:17,Desktop,view,536.3,lifestyle,0
464,512,2023-09-16 11:18:38,Mobile,like,442.4,lifestyle,1
465,17,2023-09-19 09:03:22,Mobile,view,309.9,entertainment,0
466,172,2023-01-05 20:44:18,Mobile,view,595.2,entertainment,0
467,220,2023-09-18 21:41:52,Mobile,view,167.0,technology,0
468,158,2023-02-23 16:07:47,Mobile,view,501.6,news,0
469,477,2023-02-16 07:38:36,Mobile,like,261.8,technology,1
470,46,2023-08-03 00:18:09,Mobile,share,392.8,technology,1
471,373,2023-06-26 10:22:26,Desktop,comment,439.1,sports,1
472,518,2023-01-09 20:44:23,Mobile,view,383.9,lifestyle,0
473,99,2023-04-09 02:54:47,Mobile,view,92.9,lifestyle,0
474,892,2023-01-20 00:02:35,Mobile,view,271.3,lifestyle,0
475,745,2023-08-29 18:44:54,Mobile,like,341.2,news,1
476,37,2023-03-02 21:10:29,Desktop,view,510.9,sports,0
477,280,2023-06-27 10:42:27,Mobile,like,271.8,sports,1
478,349,2023-12-04 07:59:55,Mobile,view,552.1,lifestyle,0
479,497,2023-03-03 15:21:36,Mobile,share,269.8,technology,1
480,302,2023-05-25 05:57:27,Tablet,view,333.8,news,1
481,181,2023-08-04 10:09:58,Mobile,view,479.8,technology,0
482,607,2023-01-03 11:36:54,Tablet,share,354.0,entertainment,1
483,99,2023-06-09 20:55:30,Tablet,view,576.5,sports,1
484,700,2023-08-15 17:34:38,Mobile,view,399.6,sports,0
485,993,2023-09-26 15:17:57,Mobile,like,318.4,technology,1
486,116,2023-04-30 19:58:26,Desktop,like,23.9,news,1
487,191,2023-03-30 02:38:48,Mobile,comment,254.1,sports,1
488,253,2023-11-25 13:55:00,Mobile,view,186.6,technology,0
489,981,2023-03-09 02:16:19,Desktop,view,451.4,news,0
490,928,2023-12-23 13:33:01,Desktop,view,132.9,technology,0
491,983,2023-04-08 15:21:07,Tablet,view,131.1,news,0
492,161,2023-09-24 22:52:59,Mobile,share,121.8,lifestyle,1
493,256,2023-04-15 06:39:12,Mobile,comment,84.1,news,1
494,323,2023-11-19 14:56:38,Mobile,view,193.5,entertainment,0
495,128,2023-05-03 14:08:59,Desktop,like,532.7,lifestyle,1
496,18,2023-01-29 08:11:56,Desktop,view,467.2,technology,0
497,793,2023-05-17 15:42:06,Desktop,share,443.8,lifestyle,1
498,735,2023-07-14 02:54:09,Desktop,view,480.4,lifestyle,0
499,566,2023-08-14 13:58:10,Desktop,view,169.0,technology,0
500,570,2023-11-28 20:15:54,Tablet,like,533.6,technology,1
501,323,2023-06-19 06:19:06,Mobile,like,91.0,entertainment,1
502,872,2023-01-09 18:53:10,Desktop,like,208.4,technology,1
503,686,2023-02-09 16:20:10,Desktop,view,356.2,sports,1
504,792,2023-01-25 23:08:17,Mobile,view,70.7,sports,1
505,626,2023-09-18 04:13:43,Desktop,view,440.8,entertainment,0
506,288,2023-08-14 20:03:57,Tablet,view,238.5,news,0
507,943,2023-05-04 00:43:17,Mobile,share,472.8,news,1
508,854,2023-02-07 18:14:37,Mobile,view,300.8,sports,0
509,663,2023-11-24 00:44:19,Desktop,view,116.7,technology,0
510,962,2023-09-08 20:42:47,Desktop,like,443.5,entertainment,1
511,639,2023-06-25 04:10:37,Mobile,view,158.8,news,0
512,155,2023-03-31 12:58:58,Mobile,like,299.6,news,1
513,490,2023-02-06 19:54:38,Mobile,share,54.6,lifestyle,1
514,386,2023-11-12 03:21:49,Desktop,view,374.5,sports,1
515,986,2023-06-25 06:06:50,Mobile,post,402.9,technology,1
516,785,2023-10-11 02:26:27,Mobile,like,233.4,entertainment,1
517,104,2023-03-22 02:21:12,Mobile,view,573.1,news,0
518,929,2023-04-24 06:29:43,Desktop,view,525.8,lifestyle,0
519,393,2023-02-09 17:08:29,Desktop,view,427.7,sports,0
520,811,2023-10-28 19:23:05,Mobile,comment,431.1,sports,1
521,246,2023-08-12 09:35:18,Mobile,comment,158.9,entertainment,1
522,176,2023-11-14 14:58:29,Mobile,share,397.5,news,1
523,39,2023-12-15 05:05:51,Mobile,post,126.9,entertainment,1
524,477,2023-04-25 19:20:24,Mobile,comment,95.0,entertainment,1
525,682,2023-07-05 14:48:50,Mobile,like,599.7,lifestyle,1
526,759,2023-11-19 04:14:42,Mobile,view,377.2,sports,0
527,538,2023-02-25 23:34:26,Tablet,like,264.3,technology,1
528,867,2023-02-09 06:02:58,Mobile,view,180.0,sports,0
529,818,2023-12-20 06:44:24,Tablet,comment,366.3,sports,1
530,921,2023-02-09 16:34:35,Mobile,view,39.3,lifestyle,0
531,408,2023-12-13 01:24:35,Desktop,view,65.9,technology,0
532,525,2023-08-25 21:05:48,Mobile,view,29.4,news,0
533,828,2023-10-16 13:27:34,Desktop,view,304.5,technology,0
534,506,2023-09-19 07:52:45,Tablet,like,364.4,news,1
535,903,2023-08-04 20:12:46,Mobile,view,46.9,technology,0
536,825,2023-05-27 13:23:20,Desktop,like,435.5,entertainment,1
537,36,2023-12-02 03:03:22,Mobile,view,145.9,technology,0
538,685,2023-06-17 03:52:27,Tablet,like,414.3,lifestyle,1
539,20,2023-04-02 22:00:22,Desktop,view,589.3,news,0
540,321,2023-12-19 21:50:10,Mobile,view,417.8,sports,0
541,776,2023-02-28 14:29:02,Mobile,like,531.1,lifestyle,1
542,512,2023-02-28 15:38:27,Mobile,view,569.4,news,0
543,400,2023-10-31 01:14:53,Mobile,view,297.2,news,0
544,654,2023-06-18 13:54:45,Desktop,view,424.4,sports,0
545,972,2023-09-26 09:30:28,Desktop,view,512.7,entertainment,0
546,883,2023-12-29 22:07:56,Mobile,like,220.4,lifestyle,1
547,471,2023-02-14 14:24:35,Mobile,view,164.2,sports,0
548,143,2023-12-11 08:47:35,Tablet,like,568.5,sports,1
549,92,2023-06-30 12:04:32,Desktop,share,438.5,entertainment,1
550,354,2023-06-19 13:43:57,Mobile,view,139.6,lifestyle,0
551,834,2023-12-22 13:43:36,Desktop,post,275.0,sports,1
552,800,2023-07-10 16:35:11,Desktop,like,479.9,entertainment,1
553,727,2023-06-04 01:53:36,Mobile,like,332.8,lifestyle,1
554,959,2023-07-07 21:26:15,Mobile,like,393.5,technology,1
555,854,2023-01-07 17:51:47,Mobile,like,454.7,news,1
556,51,2023-05-13 12:58:53,Tablet,like,377.0,entertainment,1
557,665,2023-08-23 03:07:20,Mobile,view,328.6,news,0
558,698,2023-02-14 19:49:23,Tablet,view,452.3,technology,0
559,575,2023-11-10 09:06:02,Mobile,view,439.3,sports,0
560,190,2023-09-06 02:17:39,Mobile,view,381.6,sports,1
561,125,2023-01-31 13:55:39,Mobile,view,222.3,lifestyle,0
562,150,2023-01-23 04:07:29,Mobile,view,249.4,entertainment,0
563,314,2023-06-09 22:42:48,Desktop,view,582.6,entertainment,0
564,570,2023-12-29 15:14:29,Mobile,comment,76.3,lifestyle,1
565,342,2023-06-07 17:31:35,Desktop,share,168.4,news,1
566,305,2023-02-08 19:41:50,Mobile,post,300.5,sports,1
567,692,2023-03-23 06:32:47,Mobile,view,503.7,sports,0
568,682,2023-12-22 09:48:12,Desktop,comment,106.6,entertainment,1
569,838,2023-09-15 20:46:53,Desktop,share,173.4,entertainment,1
570,783,2023-07-25 14:20:31,Tablet,view,48.8,lifestyle,0
571,54,2023-03-18 02:44:45,Mobile,view,426.5,technology,0
572,444,2023-01-12 16:34:19,Desktop,post,150.5,news,1
573,613,2023-10-22 15:05:06,Mobile,like,239.3,technology,1
574,993,2023-08-12 18:25:14,Mobile,view,271.8,technology,0
575,264,2023-01-13 18:04:47,Mobile,view,535.9,entertainment,0
576,53,2023-02-15 08:06:05,Tablet,view,252.7,entertainment,0
577,572,2023-06-04 16:22:09,Mobile,share,95.7,entertainment,1
578,620,2023-04-23 18:37:08,Desktop,like,319.3,technology,1
579,5,2023-08-21 13:50:12,Mobile,view,578.1,news,0
580,103,2023-01-17 14:01:40,Mobile,view,368.5,entertainment,0
581,196,2023-12-26 21:59:11,Desktop,like,590.2,sports,1
582,774,2023-08-11 16:17:23,Desktop,like,506.3,news,1
583,877,2023-12-20 12:28:20,Desktop,view,31.2,sports,0
584,992,2023-07-07 11:55:46,Mobile,share,398.5,news,1
585,884,2023-12-10 02:10:51,Mobile,view,179.2,entertainment,1
586,350,2023-12-31 04:31:28,Mobile,view,340.2,lifestyle,1
587,47,2023-06-12 20:11:32,Tablet,like,174.8,entertainment,1
588,867,2023-11-22 18:46:20,Mobile,view,215.8,technology,0
589,823,2023-03-15 02:02:48,Desktop,share,554.7,technology,1
590,936,2023-08-21 23:43:56,Desktop,comment,131.9,news,1
591,820,2023-08-12 12:53:23,Mobile,comment,525.7,technology,1
592,656,2023-11-15 02:32:48,Desktop,view,28.0,entertainment,0
593,269,2023-03-01 13:51:19,Mobile,view,63.6,sports,0
594,370,2023-12-01 16:37:51,Mobile,view,514.3,entertainment,0
595,636,2023-08-10 08:56:14,Desktop,like,382.0,news,1
596,106,2023-02-06 01:49:41,Mobile,comment,450.9,technology,1
597,670,2023-10-05 19:57:33,Mobile,share,133.6,sports,1
598,659,2023-07-15 17:47:26,Mobile,comment,326.9,lifestyle,1
599,657,2023-12-18 13:47:58,Desktop,post,445.0,sports,1
600,120,2023-08-30 07:24:09,Mobile,comment,380.1,sports,1
601,831,2023-11-20 22:52:05,Desktop,view,288.3,entertainment,0
602,787,2023-08-07 04:02:47,Tablet,view,576.3,lifestyle,0
603,604,2023-07-11 22:20:04,Desktop,like,408.9,news,1
604,58,2023-01-17 17:12:24,Mobile,view,545.6,news,0
605,951,2023-01-12 21:40:02,Mobile,view,440.6,sports,0
606,346,2023-07-12 08:00:03,Tablet,like,443.9,sports,1
607,741,2023-01-22 05:03:50,Desktop,share,57.2,technology,1
608,474,2023-04-30 04:57:42,Desktop,view,222.1,lifestyle,0
609,117,2023-07-29 12:02:35,Desktop,comment,516.4,sports,1
610,830,2023-11-02 08:40:59,Desktop,share,147.2,technology,1
611,791,2023-09-27 08:33:15,Desktop,view,78.1,lifestyle,1
612,127,2023-07-11 02:26:10,Mobile,view,202.4,news,0
613,393,2023-06-24 03:04:53,Desktop,view,140.1,technology,0
614,908,2023-10-12 12:56:11,Desktop,comment,555.9,lifestyle,1
615,641,2023-07-23 00:03:13,Mobile,comment,522.1,technology,1
616,58,2023-06-13 04:52:49,Desktop,share,304.8,sports,1
617,634,2023-09-08 03:06:30,Desktop,like,46.2,entertainment,1
618,513,2023-08-15 17:27:04,Desktop,view,431.6,news,0
619,751,2023-01-07 11:52:32,Tablet,view,377.8,sports,0
620,802,2023-01-29 08:58:47,Desktop,comment,582.6,sports,1
621,96,2023-02-02 11:41:10,Mobile,view,339.8,lifestyle,0
622,638,2023-05-14 23:52:05,Mobile,view,208.5,technology,1
623,118,2023-03-20 11:09:57,Desktop,view,316.2,news,0
624,560,2023-02-27 00:37:41,Tablet,view,587.8,sports,0
625,601,2023-01-26 07:21:52,Desktop,view,420.9,lifestyle,0
626,488,2023-08-14 01:51:56,Desktop,view,406.5,news,0
627,237,2023-10-12 08:02:13,Mobile,view,152.0,technology,0
628,885,2023-01-04 01:12:58,Mobile,view,448.7,sports,0
629,897,2023-04-09 11:16:23,Mobile,comment,452.7,sports,1
630,272,2023-02-08 23:42:51,Desktop,share,197.2,sports,1
631,189,2023-09-28 08:03:53,Mobile,view,295.4,news,0
632,999,2023-10-12 06:40:00,Mobile,comment,183.8,news,1
633,704,2023-06-06 21:04:28,Desktop,view,162.6,news,0
634,447,2023-03-16 11:50:04,Desktop,like,25.3,news,1
635,581,2023-10-15 18:58:56,Desktop,share,178.3,lifestyle,1
636,790,2023-05-10 20:31:09,Desktop,comment,336.8,entertainment,1
637,861,2023-06-24 01:30:10,Mobile,share,10.9,lifestyle,1
638,247,2023-03-25 23:09:35,Mobile,view,177.1,sports,1
639,963,2023-01-22 15:34:04,Tablet,view,530.0,lifestyle,0
640,76,2023-01-27 17:35:15,Desktop,share,360.3,technology,1
641,154,2023-07-14 19:49:04,Mobile,view,368.6,news,1
642,656,2023-12-03 01:53:16,Desktop,view,248.0,technology,0
643,435,2023-08-24 15:04:05,Desktop,comment,409.1,technology,1
644,997,2023-04-02 11:57:36,Desktop,share,122.1,sports,1
645,86,2023-01-21 04:55:09,Desktop,share,493.1,news,1
646,697,2023-10-30 16:15:57,Mobile,view,78.8,technology,0
647,285,2023-12-23 04:52:23,Tablet,share,397.0,sports,1
648,974,2023-03-25 10:23:38,Mobile,view,211.3,news,0
649,220,2023-09-19 04:38:44,Desktop,view,451.0,entertainment,0
650,69,2023-05-27 01:03:48,Desktop,like,334.4,sports,1
651,47,2023-09-14 04:44:47,Desktop,view,276.9,lifestyle,0
652,94,2023-02-27 03:30:05,Mobile,view,110.0,news,0
653,750,2023-01-15 08:42:17,Mobile,like,385.7,technology,1
654,958,2023-06-11 01:31:22,Tablet,view,585.1,technology,0
655,453,2023-06-12 18:08:53,Desktop,view,497.1,lifestyle,0
656,204,2023-11-16 14:09:12,Mobile,view,45.4,lifestyle,0
657,912,2023-10-08 01:31:03,Mobile,view,232.0,technology,0
658,218,2023-10-07 19:34:08,Mobile,view,556.1,news,0
659,474,2023-01-12 01:17:28,Mobile,comment,306.8,sports,1
660,432,2023-10-01 09:20:23,Mobile,comment,400.6,lifestyle,1
661,341,2023-09-28 16:25:56,Mobile,view,548.4,lifestyle,1
662,551,2023-07-27 09:53:54,Desktop,share,525.5,lifestyle,1
663,612,2023-01-27 12:23:22,Mobile,view,306.1,entertainment,0
664,289,2023-03-13 13:42:14,Desktop,view,268.2,news,0
665,254,2023-03-01 19:04:08,Mobile,share,210.4,news,1
666,734,2023-05-25 06:07:34,Mobile,view,434.2,news,0
667,357,2023-04-03 19:27:08,Mobile,post,179.3,news,1
668,23,2023-11-05 06:10:07,Tablet,view,157.4,news,0
669,762,2023-01-08 22:24:10,Mobile,comment,220.2,technology,1
670,522,2023-03-20 22:39:14,Mobile,view,114.6,lifestyle,0
671,758,2023-01-27 05:56:26,Mobile,view,420.1,technology,0
672,837,2023-06-23 23:07:56,Mobile,view,373.6,entertainment,0
673,100,2023-02-19 16:31:58,Mobile,comment,294.9,sports,1
674,802,2023-07-18 14:39:41,Mobile,like,240.3,lifestyle,1
675,180,2023-12-15 14:39:40,Mobile,post,546.3,entertainment,1
676,223,2023-06-30 17:04:00,Tablet,view,27.2,technology,0
677,906,2023-01-24 12:16:39,Tablet,view,463.8,sports,0
678,762,2023-11-12 16:57:15,Mobile,view,542.1,entertainment,0
679,659,2023-02-15 02:16:50,Desktop,like,273.3,sports,1
680,442,2023-01-15 12:19:23,Desktop,share,334.9,entertainment,1
681,608,2023-06-02 21:44:39,Mobile,view,567.2,technology,1
682,769,2023-08-10 16:45:48,Desktop,like,135.2,sports,1
683,325,2023-07-25 15:21:24,Mobile,view,316.9,entertainment,0
684,516,2023-09-30 20:02:04,Mobile,like,290.1,technology,1
685,16,2023-08-24 19:07:27,Mobile,share,162.5,lifestyle,1
686,792,2023-12-06 06:13:52,Tablet,view,493.0,technology,0
687,336,2023-08-16 17:48:09,Mobile,view,540.8,technology,0
688,759,2023-01-09 15:23:18,Mobile,post,471.3,lifestyle,1
689,258,2023-06-15 00:55:21,Mobile,share,125.3,technology,1
690,497,2023-11-15 22:35:48,Desktop,like,61.2,lifestyle,1
691,988,2023-08-02 10:23:03,Mobile,like,367.2,lifestyle,1
692,896,2023-04-27 21:51:22,Desktop,view,43.7,lifestyle,0
693,160,2023-12-10 21:59:50,Tablet,like,407.0,entertainment,1
694,475,2023-03-13 14:41:33,Mobile,share,323.0,sports,1
695,852,2023-03-05 09:57:00,Desktop,like,401.0,entertainment,1
696,664,2023-07-24 18:24:22,Mobile,view,358.2,lifestyle,0
697,908,2023-07-28 01:02:40,Mobile,view,259.4,sports,0
698,690,2023-03-13 06:09:50,Desktop,view,128.5,sports,0
699,675,2023-10-04 18:43:31,Tablet,view,190.4,lifestyle,0
700,380,2023-10-01 06:29:37,Desktop,view,319.5,sports,0
701,545,2023-11-16 12:58:57,Desktop,view,394.6,sports,0
702,929,2023-12-04 19:19:29,Mobile,view,469.9,entertainment,0
703,957,2023-04-05 10:36:51,Mobile,view,462.6,sports,0
704,691,2023-06-15 23:01:49,Mobile,like,583.9,lifestyle,1
705,427,2023-02-01 01:02:24,Mobile,view,178.6,news,0
706,613,2023-01-11 06:56:35,Mobile,view,52.0,news,0
707,268,2023-10-28 04:42:57,Mobile,view,213.9,news,0
708,835,2023-08-05 09:35:42,Desktop,view,448.5,lifestyle,0
709,577,2023-10-16 02:57:31,Desktop,like,268.5,news,1
710,417,2023-04-12 21:55:31,Desktop,view,492.5,entertainment,0
711,168,2023-09-24 04:38:35,Desktop,comment,334.1,lifestyle,1
712,842,2023-08-02 12:20:09,Mobile,post,558.6,lifestyle,1
713,43,2023-06-28 06:45:06,Desktop,comment,569.2,lifestyle,1
714,556,2023-03-29 05:18:06,Desktop,like,50.9,sports,1
715,285,2023-02-10 03:59:36,Desktop,share,279.3,sports,1
716,397,2023-03-17 17:02:30,Tablet,like,369.7,sports,1
717,12,2023-02-15 19:50:25,Tablet,view,161.0,technology,0
718,607,2023-06-09 10:10:36,Mobile,view,250.2,entertainment,1
719,302,2023-03-21 23:55:20,Tablet,share,409.8,lifestyle,1
720,898,2023-11-06 14:20:49,Mobile,view,143.8,lifestyle,0
721,253,2023-03-27 09:36:50,Mobile,view,365.2,sports,0
722,499,2023-04-02 02:47:38,Desktop,comment,421.5,lifestyle,1
723,754,2023-05-28 20:43:57,Mobile,share,63.4,lifestyle,1
724,35,2023-06-10 21:40:33,Mobile,view,303.5,news,0
725,727,2023-07-21 19:29:54,Mobile,like,165.2,lifestyle,1
726,849,2023-08-30 21:21:57,Mobile,view,437.4,technology,0
727,90,2023-12-19 17:50:00,Mobile,comment,121.8,sports,1
728,776,2023-01-02 12:56:59,Mobile,view,536.4,entertainment,0
729,605,2023-08-13 04:45:54,Tablet,view,264.3,entertainment,0
730,922,2023-10-16 05:25:39,Desktop,share,126.8,news,1
731,970,2023-08-21 16:40:58,Mobile,view,268.4,entertainment,0
732,602,2023-03-18 17:14:28,Mobile,like,251.2,entertainment,1
733,418,2023-04-26 21:28:33,Mobile,view,263.1,sports,0
734,115,2023-06-03 08:26:13,Mobile,view,355.5,sports,0
735,617,2023-04-13 09:12:34,Desktop,like,317.5,technology,1
736,903,2023-07-13 01:40:31,Mobile,view,98.4,news,0
737,196,2023-06-15 19:59:35,Desktop,view,48.7,entertainment,0
738,826,2023-12-25 06:19:45,Mobile,view,440.4,technology,0
739,501,2023-03-31 21:55:28,Mobile,like,340.2,news,1
740,626,2023-06-23 07:57:49,Mobile,post,221.8,entertainment,1
741,493,2023-05-02 00:38:02,Desktop,post,486.9,entertainment,1
742,75,2023-05-23 09:37:04,Mobile,view,239.0,sports,0
743,413,2023-04-16 13:27:18,Desktop,view,479.6,lifestyle,0
744,376,2023-11-01 18:45:34,Mobile,view,190.4,news,0
745,420,2023-12-26 08:48:25,Tablet,share,53.0,entertainment,1
746,729,2023-11-13 10:37:24,Tablet,view,560.3,news,0
747,277,2023-05-03 20:49:24,Mobile,post,242.8,technology,1
748,761,2023-01-09 10:23:57,Mobile,view,477.7,technology,0
749,676,2023-09-19 21:37:52,Desktop,post,174.7,lifestyle,1
750,394,2023-03-14 20:47:58,Desktop,share,391.4,entertainment,1
751,869,2023-12-25 20:16:22,Mobile,share,525.3,sports,1
752,457,2023-08-11 14:03:03,Mobile,view,34.6,entertainment,0
753,920,2023-02-10 10:39:52,Tablet,view,500.1,news,0
754,192,2023-07-23 02:04:21,Desktop,view,347.1,technology,0
755,739,2023-09-21 02:55:16,Tablet,view,368.4,news,0
756,689,2023-11-24 22:01:25,Mobile,view,318.7,lifestyle,0
757,99,2023-06-27 04:51:54,Mobile,like,525.9,technology,1
758,548,2023-12-14 10:04:28,Desktop,view,35.6,sports,0
759,978,2023-11-14 10:13:08,Desktop,like,164.0,technology,1
760,999,2023-03-25 21:02:29,Mobile,like,526.7,entertainment,1
761,96,2023-11-14 16:57:29,Mobile,view,453.9,entertainment,0
762,664,2023-04-21 17:21:33,Desktop,post,20.4,technology,1
763,663,2023-09-08 10:00:27,Mobile,view,315.0,lifestyle,0
764,190,2023-01-07 11:54:09,Mobile,view,322.4,entertainment,0
765,736,2023-03-25 04:57:38,Mobile,view,246.5,entertainment,0
766,37,2023-07-27 23:22:42,Tablet,share,185.5,sports,1
767,780,2023-11-10 21:56:43,Desktop,view,412.2,technology,0
768,369,2023-01-22 14:33:15,Desktop,view,132.6,entertainment,0
769,695,2023-01-03 11:02:38,Mobile,like,481.4,lifestyle,1
770,525,2023-05-07 15:05:12,Mobile,view,483.8,news,0
771,279,2023-10-24 19:04:30,Desktop,like,255.0,technology,1
772,217,2023-07-07 22:51:19,Desktop,post,177.3,sports,1
773,867,2023-12-28 04:17:14,Mobile,post,177.5,entertainment,1
774,873,2023-01-14 17:47:27,Desktop,view,294.6,lifestyle,0
775,798,2023-01-12 13:16:15,Desktop,view,434.6,technology,0
776,273,2023-03-28 21:02:49,Desktop,view,221.7,lifestyle,0
777,881,2023-01-12 18:31:17,Desktop,view,369.9,lifestyle,0
778,62,2023-01-25 23:12:35,Mobile,view,235.7,sports,0
779,596,2023-10-28 23:52:00,Mobile,view,189.7,technology,0
780,880,2023-08-31 12:42:14,Mobile,post,24.7,entertainment,1
781,729,2023-05-02 11:16:43,Desktop,post,12.3,sports,1
782,342,2023-05-27 21:18:28,Desktop,view,144.1,entertainment,0
783,397,2023-02-24 22:45:26,Mobile,view,249.8,news,0
784,699,2023-08-26 19:06:43,Mobile,view,512.2,lifestyle,1
785,19,2023-12-22 10:55:32,Mobile,view,481.1,news,0
786,177,2023-06-22 05:55:12,Desktop,like,167.6,lifestyle,1
787,612,2023-08-09 23:28:46,Tablet,like,154.3,sports,1
788,396,2023-04-29 12:16:19,Desktop,share,144.1,entertainment,1
789,445,2023-11-05 19:50:42,Mobile,comment,210.2,entertainment,1
790,233,2023-07-02 11:12:59,Mobile,like,303.9,sports,1
791,915,2023-10-15 04:48:17,Mobile,like,268.8,technology,1
792,76,2023-11-03 00:33:31,Desktop,view,138.8,news,0
793,265,2023-10-27 12:13:34,Mobile,like,87.0,news,1
794,455,2023-03-23 03:15:38,Mobile,view,17.4,entertainment,0
795,796,2023-07-30 13:11:38,Desktop,view,100.8,entertainment,0
796,718,2023-05-30 03:05:20,Desktop,view,426.2,entertainment,1
797,735,2023-02-06 02:26:07,Desktop,view,153.7,sports,1
798,384,2023-12-18 06:20:52,Mobile,post,286.5,technology,1
799,564,2023-11-08 22:00:39,Desktop,view,358.9,news,0
800,851,2023-12-27 00:15:29,Tablet,view,533.2,lifestyle,0
801,506,2023-02-28 21:31:27,Mobile,view,534.4,sports,0
802,367,2023-05-11 04:50:38,Tablet,like,450.0,news,1
803,144,2023-07-21 13:28:35,Tablet,view,30.7,technology,0
804,885,2023-08-31 01:35:44,Mobile,post,349.3,sports,1
805,69,2023-02-04 23:17:00,Desktop,share,474.1,news,1
806,99,2023-04-03 11:46:57,Desktop,like,20.2,sports,1
807,396,2023-07-26 01:57:49,Desktop,like,334.3,news,1
808,25,2023-12-19 11:45:59,Mobile,view,516.1,news,0
809,948,2023-11-28 05:29:59,Desktop,view,289.7,technology,0
810,891,2023-11-01 19:29:48,Desktop,comment,12.4,lifestyle,1
811,469,2023-12-16 02:06:37,Mobile,view,16.5,technology,0
812,484,2023-08-01 13:04:53,Tablet,view,255.8,news,0
813,565,2023-06-08 10:20:26,Desktop,like,101.5,sports,1
814,151,2023-01-24 20:02:07,Desktop,view,402.0,technology,0
815,144,2023-10-20 21:29:22,Desktop,post,428.2,lifestyle,1
816,569,2023-01-04 07:20:17,Tablet,view,114.9,news,0
817,39,2023-08-08 05:11:33,Mobile,comment,534.2,technology,1
818,109,2023-12-30 22:07:54,Desktop,like,270.7,technology,1
819,693,2023-01-20 14:46:01,Desktop,comment,94.3,technology,1
820,42,2023-06-01 00:36:09,Desktop,view,460.9,technology,0
821,186,2023-02-19 23:21:32,Desktop,like,476.1,sports,1
822,935,2023-06-26 06:07:32,Tablet,share,387.2,lifestyle,1
823,398,2023-04-06 19:57:29,Mobile,view,513.5,lifestyle,0
824,223,2023-04-15 20:30:51,Mobile,view,445.1,news,0
825,634,2023-09-07 02:13:56,Mobile,like,530.5,entertainment,1
826,133,2023-04-27 08:49:38,Desktop,comment,266.0,sports,1
827,163,2023-12-20 07:42:14,Mobile,view,451.1,news,1
828,215,2023-08-16 06:26:13,Mobile,post,599.9,news,1
829,733,2023-03-07 08:26:43,Desktop,view,437.7,technology,0
830,235,2023-12-01 18:25:21,Mobile,view,77.4,entertainment,0
831,843,2023-09-19 19:54:35,Desktop,comment,315.8,entertainment,1
832,658,2023-10-22 01:45:44,Desktop,like,356.5,sports,1
833,751,2023-08-31 05:13:20,Desktop,share,112.8,entertainment,1
834,588,2023-07-05 07:02:52,Mobile,post,578.1,news,1
835,9,2023-09-03 17:05:16,Mobile,view,113.6,entertainment,0
836,74,2023-05-05 05:42:18,Tablet,view,114.8,entertainment,0
837,954,2023-09-25 17:45:18,Mobile,view,549.9,lifestyle,0
838,492,2023-05-11 04:09:33,Mobile,comment,284.5,news,1
839,913,2023-08-25 19:45:55,Mobile,share,47.3,entertainment,1
840,253,2023-01-18 16:31:40,Desktop,view,362.9,entertainment,0
841,230,2023-02-09 10:09:35,Mobile,view,365.1,technology,0
842,519,2023-01-21 11:44:21,Desktop,view,48.1,entertainment,0
843,174,2023-08-13 07:41:56,Mobile,share,583.8,entertainment,1
844,653,2023-12-21 00:53:56,Tablet,view,331.0,lifestyle,0
845,168,2023-10-09 04:24:08,Desktop,view,340.3,news,0
846,170,2023-01-08 00:39:12,Mobile,like,316.9,sports,1
847,393,2023-04-10 00:32:12,Mobile,share,370.3,news,1
848,946,2023-08-28 21:14:09,Mobile,like,165.9,technology,1
849,795,2023-03-28 02:22:36,Desktop,like,179.5,news,1
850,634,2023-10-25 01:31:38,Desktop,view,311.7,entertainment,0
851,194,2023-01-14 21:08:38,Desktop,like,485.9,technology,1
852,517,2023-11-30 13:54:58,Desktop,comment,39.4,news,1
853,29,2023-01-02 17:53:06,Desktop,post,366.0,technology,1
854,165,2023-10-20 02:39:29,Mobile,view,486.0,sports,0
855,422,2023-11-21 15:48:02,Desktop,view,102.6,news,0
856,339,2023-02-10 19:33:13,Mobile,view,18.9,entertainment,0
857,648,2023-11-14 00:05:40,Mobile,view,194.5,technology,1
858,496,2023-11-12 12:12:29,Mobile,share,357.0,lifestyle,1
859,365,2023-04-21 22:51:42,Mobile,view,91.6,technology,0
860,833,2023-01-14 17:20:43,Mobile,view,261.4,lifestyle,0
861,342,2023-08-19 20:33:47,Tablet,view,335.9,entertainment,0
862,500,2023-03-25 00:02:18,Desktop,view,363.3,sports,1
863,657,2023-05-10 00:05:58,Desktop,view,171.9,lifestyle,0
864,511,2023-08-19 20:54:10,Mobile,view,246.0,sports,0
865,327,2023-11-22 23:42:56,Desktop,view,469.2,technology,0
866,217,2023-05-25 08:30:54,Desktop,comment,565.3,entertainment,1
867,301,2023-12-11 07:11:19,Desktop,like,518.5,lifestyle,1
868,132,2023-01-28 22:38:52,Desktop,view,342.9,technology,0
869,804,2023-03-07 15:29:38,Mobile,post,252.1,news,1
870,70,2023-06-12 10:29:32,Desktop,like,206.4,technology,1
871,252,2023-08-17 16:14:38,Mobile,comment,83.7,sports,1
872,415,2023-09-18 17:52:33,Mobile,view,72.9,entertainment,0
873,787,2023-06-13 07:26:02,Mobile,view,416.1,entertainment,0
874,445,2023-10-28 03:41:23,Mobile,view,163.3,technology,0
875,876,2023-10-30 17:45:22,Mobile,view,160.3,news,0
876,182,2023-10-14 10:57:00,Desktop,view,598.9,sports,0
877,167,2023-01-10 15:26:08,Mobile,post,120.9,technology,1
878,91,2023-07-14 23:38:10,Mobile,view,97.4,technology,0
879,714,2023-04-28 05:36:59,Mobile,view,68.2,entertainment,0
880,858,2023-09-27 15:52:49,Mobile,like,352.1,sports,1
881,531,2023-03-21 20:49:25,Desktop,view,380.4,news,0
882,39,2023-04-03 13:00:40,Mobile,like,225.5,entertainment,1
883,126,2023-09-23 12:24:55,Mobile,like,325.9,technology,1
884,451,2023-11-28 23:32:34,Desktop,comment,475.2,entertainment,1
885,173,2023-12-16 21:39:48,Mobile,post,492.7,entertainment,1
886,653,2023-12-27 16:12:22,Desktop,view,575.2,lifestyle,0
887,754,2023-09-14 05:15:51,Desktop,like,496.3,entertainment,1
888,220,2023-05-13 00:21:47,Desktop,post,343.3,entertainment,1
889,638,2023-10-03 22:19:48,Desktop,comment,116.0,sports,1
890,58,2023-09-21 09:50:28,Mobile,view,68.9,entertainment,0
891,660,2023-06-20 21:02:54,Desktop,post,42.2,news,1
892,476,2023-01-01 10:49:35,Tablet,view,403.3,technology,0
893,456,2023-11-09 00:19:00,Mobile,post,486.4,sports,1
894,829,2023-03-05 06:54:02,Desktop,view,310.1,entertainment,0
895,895,2023-10-11 07:20:21,Mobile,like,42.3,news,1
896,361,2023-05-01 00:28:28,Mobile,share,325.9,technology,1
897,935,2023-04-17 01:00:30,Mobile,view,562.1,sports,0
898,1,2023-06-24 05:26:35,Desktop,view,362.6,news,0
899,387,2023-07-23 21:07:01,Mobile,view,487.6,entertainment,0
900,973,2023-06-14 07:51:48,Mobile,post,482.1,lifestyle,1
901,348,2023-11-01 12:26:29,Desktop,share,560.0,lifestyle,1
902,190,2023-04-30 15:28:10,Desktop,comment,464.4,sports,1
903,505,2023-02-13 07:14:46,Mobile,like,451.1,news,1
904,191,2023-11-08 04:40:59,Desktop,share,148.1,technology,1
905,508,2023-06-05 02:08:04,Mobile,view,45.4,news,0
906,369,2023-07-26 00:20:07,Desktop,view,315.4,lifestyle,0
907,409,2023-04-18 12:48:19,Tablet,comment,83.4,sports,1
908,824,2023-09-08 18:44:56,Mobile,view,577.7,entertainment,0
909,929,2023-11-30 18:21:33,Desktop,view,181.1,news,0
910,934,2023-05-10 08:14:49,Desktop,view,513.2,lifestyle,0
911,117,2023-10-20 13:30:51,Mobile,view,238.7,technology,0
912,134,2023-01-20 03:51:33,Mobile,share,200.7,sports,1
913,58,2023-10-09 18:26:58,Mobile,view,561.7,entertainment,0
914,556,2023-10-12 16:40:11,Desktop,comment,224.4,news,1
915,685,2023-01-01 10:43:55,Desktop,view,240.3,technology,0
916,672,2023-04-29 15:35:15,Desktop,view,72.6,entertainment,0
917,173,2023-02-04 21:46:45,Mobile,view,405.6,lifestyle,0
918,829,2023-07-17 20:11:42,Desktop,comment,180.4,lifestyle,1
919,815,2023-09-02 21:48:38,Mobile,like,355.5,technology,1
920,149,2023-02-28 20:13:25,Mobile,post,358.9,lifestyle,1
921,80,2023-11-21 16:22:34,Tablet,like,434.3,sports,1
922,886,2023-06-10 07:47:44,Desktop,like,449.7,technology,1
923,213,2023-06-28 21:57:43,Desktop,like,313.5,lifestyle,1
924,203,2023-07-25 00:40:54,Mobile,post,205.3,news,1
925,764,2023-01-12 05:47:58,Mobile,comment,504.1,lifestyle,1
926,229,2023-10-03 14:11:38,Desktop,view,192.8,sports,0
927,676,2023-06-30 17:15:54,Tablet,like,309.4,entertainment,1
928,227,2023-08-30 03:36:31,Mobile,like,246.7,entertainment,1
929,659,2023-08-04 18:59:04,Desktop,comment,514.5,lifestyle,1
930,532,2023-09-08 10:09:53,Desktop,view,264.8,entertainment,0
931,441,2023-10-26 10:05:04,Mobile,share,237.8,lifestyle,1
932,402,2023-05-06 08:26:26,Mobile,post,417.0,sports,1
933,47,2023-08-05 15:20:20,Desktop,view,365.4,entertainment,0
934,233,2023-11-02 19:15:38,Mobile,share,73.3,news,1
935,305,2023-10-12 05:51:23,Mobile,view,309.8,lifestyle,0
936,526,2023-07-04 05:05:54,Desktop,view,443.9,entertainment,0
937,143,2023-02-08 06:09:50,Mobile,view,595.3,sports,0
938,415,2023-08-11 01:42:22,Tablet,view,381.2,sports,0
939,513,2023-07-03 07:53:18,Desktop,share,228.5,news,1
940,373,2023-06-27 14:26:11,Desktop,view,143.4,sports,0
941,566,2023-10-21 11:37:42,Mobile,view,525.0,sports,0
942,886,2023-12-06 14:50:10,Mobile,view,490.6,entertainment,0
943,259,2023-05-31 05:25:03,Tablet,view,148.0,lifestyle,0
944,656,2023-05-06 13:27:36,Mobile,view,128.4,technology,0
945,471,2023-10-28 22:47:15,Mobile,like,431.9,sports,1
946,953,2023-11-04 02:13:36,Mobile,view,195.8,sports,0
947,971,2023-12-02 00:39:44,Mobile,share,190.8,technology,1
948,12,2023-08-22 17:18:40,Desktop,share,99.9,sports,1
949,330,2023-01-08 04:11:12,Desktop,view,165.7,entertainment,0
950,736,2023-12-07 22:13:38,Desktop,share,262.2,entertainment,1
951,784,2023-05-09 11:15:10,Mobile,view,442.4,technology,1
952,968,2023-09-21 13:35:33,Desktop,view,208.4,sports,0
953,358,2023-06-06 06:03:46,Tablet,view,203.9,sports,0
954,972,2023-12-18 18:53:46,Desktop,view,178.1,lifestyle,0
955,408,2023-12-24 07:05:18,Desktop,like,292.2,sports,1
956,668,2023-01-05 06:40:45,Mobile,comment,116.6,entertainment,1
957,373,2023-03-27 14:07:56,Mobile,view,296.5,news,0
958,8,2023-06-24 14:25:19,Desktop,comment,425.5,news,1
959,122,2023-10-17 07:31:43,Desktop,view,27.6,news,0
960,348,2023-07-12 10:03:08,Tablet,comment,15.8,news,1
961,676,2023-11-07 01:37:25,Desktop,view,54.3,sports,0
962,90,2023-04-29 10:11:14,Desktop,view,326.0,sports,0
963,648,2023-08-06 05:22:17,Mobile,view,514.1,lifestyle,0
964,698,2023-04-24 06:11:53,Desktop,view,12.9,sports,0
965,316,2023-05-25 07:29:03,Mobile,like,562.6,news,1
966,178,2023-01-26 21:39:09,Desktop,share,72.7,technology,1
967,540,2023-05-16 00:04:36,Desktop,view,506.8,technology,0
968,732,2023-10-30 14:12:31,Desktop,comment,294.9,entertainment,1
969,869,2023-08-20 04:53:31,Desktop,like,399.0,entertainment,1
970,41,2023-03-17 03:19:04,Desktop,share,311.3,sports,1
971,740,2023-11-24 14:41:27,Desktop,view,291.5,technology,1
972,704,2023-12-11 22:37:22,Mobile,view,502.6,news,0
973,923,2023-10-29 13:50:47,Desktop,post,456.0,news,1
974,502,2023-10-16 16:17:33,Mobile,like,295.2,news,1
975,959,2023-01-01 23:54:32,Mobile,view,75.9,sports,1
976,145,2023-05-27 15:43:42,Mobile,view,78.1,sports,0
977,201,2023-10-14 07:43:30,Desktop,view,482.9,lifestyle,0
978,929,2023-05-22 21:37:22,Tablet,like,322.3,news,1
979,724,2023-02-22 02:55:03,Desktop,comment,294.1,news,1
980,461,2023-10-31 23:32:41,Desktop,view,411.5,sports,0
981,732,2023-03-10 10:16:16,Mobile,like,516.7,sports,1
982,752,2023-12-27 03:13:10,Mobile,like,381.0,lifestyle,1
983,925,2023-03-31 03:01:26,Mobile,like,460.1,lifestyle,1
984,909,2023-08-08 03:34:26,Desktop,like,461.5,entertainment,1
985,558,2023-07-11 18:30:24,Mobile,share,220.2,technology,1
986,547,2023-03-04 19:08:19,Desktop,view,171.7,news,0
987,253,2023-03-14 09:06:32,Tablet,share,482.7,news,1
988,390,2023-06-10 02:42:44,Desktop,view,232.5,lifestyle,0
989,594,2023-06-18 23:55:56,Mobile,view,543.0,lifestyle,0
990,883,2023-03-30 11:52:07,Mobile,view,51.1,entertainment,0
991,256,2023-06-25 21:47:51,Mobile,view,44.3,technology,0
992,709,2023-09-26 02:14:28,Mobile,view,556.9,entertainment,0
993,815,2023-03-14 02:01:35,Mobile,view,392.6,technology,0
994,921,2023-09-02 11:26:00,Desktop,share,234.0,news,1
995,450,2023-03-18 03:09:50,Desktop,view,455.5,entertainment,0
996,10,2023-06-08 05:35:31,Desktop,comment,406.7,lifestyle,1
997,824,2023-11-20 21:06:09,Mobile,view,323.4,entertainment,0
998,798,2023-04-08 04:10:38,Mobile,post,68.3,entertainment,1
999,242,2023-04-12 14:32:07,Mobile,comment,489.2,news,1
1000,251,2023-05-12 21:24:24,Desktop,view,521.0,lifestyle,0
1001,877,2023-04-12 05:54:41,Desktop,comment,111.6,lifestyle,1
1002,5,2023-01-19 15:03:09,Mobile,like,511.8,sports,1
1003,119,2023-03-23 13:28:31,Mobile,comment,527.9,sports,1
1004,801,2023-10-06 02:23:25,Mobile,like,334.2,sports,1
1005,374,2023-12-05 00:23:01,Tablet,like,397.1,news,1
1006,65,2023-12-31 18:30:34,Desktop,comment,235.5,entertainment,1
1007,146,2023-11-27 05:30:10,Mobile,view,176.3,lifestyle,0
1008,224,2023-05-09 06:45:22,Mobile,view,436.0,lifestyle,0
1009,239,2023-12-10 11:37:49,Desktop,share,518.5,entertainment,1
1010,177,2023-11-06 09:09:15,Desktop,view,395.9,lifestyle,0
1011,779,2023-03-30 17:03:08,Desktop,view,311.8,entertainment,0
1012,853,2023-08-01 02:50:07,Mobile,view,103.8,news,0
1013,282,2023-05-23 18:47:08,Mobile,view,41.5,news,0
1014,63,2023-03-06 07:50:20,Mobile,post,273.0,news,1
1015,217,2023-03-17 23:20:50,Tablet,view,39.1,entertainment,0
1016,854,2023-07-18 20:34:45,Mobile,view,345.9,entertainment,0
1017,827,2023-05-23 06:07:11,Desktop,like,235.8,technology,1
1018,795,2023-11-12 19:38:41,Mobile,share,456.7,lifestyle,1
1019,689,2023-04-03 22:26:47,Mobile,view,190.3,lifestyle,0
1020,461,2023-11-01 19:48:32,Mobile,view,359.9,technology,1
1021,929,2023-08-12 16:36:06,Mobile,post,327.2,technology,1
1022,610,2023-10-18 03:27:29,Mobile,like,12.8,news,1
1023,105,2023-04-12 15:44:59,Desktop,view,52.7,technology,0
1024,99,2023-09-24 22:34:13,Mobile,view,181.3,entertainment,0
1025,511,2023-12-21 12:48:12,Desktop,view,530.5,sports,0
1026,385,2023-04-20 17:41:11,Desktop,view,96.7,entertainment,0
1027,405,2023-11-26 02:52:30,Desktop,view,429.4,technology,0
1028,823,2023-09-22 19:01:27,Desktop,share,584.3,lifestyle,1
1029,518,2023-01-03 04:53:42,Desktop,view,476.4,entertainment,0
1030,476,2023-03-26 19:31:03,Mobile,comment,153.3,lifestyle,1
1031,977,2023-10-09 14:45:17,Tablet,view,545.9,entertainment,0
1032,709,2023-11-24 16:13:14,Desktop,comment,64.9,lifestyle,1
1033,863,2023-10-31 06:36:22,Desktop,comment,286.2,entertainment,1
1034,645,2023-04-27 07:54:14,Desktop,view,533.6,lifestyle,0
1035,870,2023-08-09 18:51:44,Desktop,like,388.3,sports,1
1036,771,2023-06-03 04:19:52,Desktop,view,254.1,news,0
1037,437,2023-06-02 06:09:33,Tablet,share,182.8,entertainment,1
1038,23,2023-01-12 09:13:24,Desktop,share,231.3,sports,1
1039,997,2023-05-13 09:53:16,Mobile,view,310.3,news,0
1040,565,2023-10-31 09:32:04,Desktop,view,198.2,entertainment,0
1041,677,2023-10-20 17:00:02,Mobile,view,581.7,sports,0
1042,714,2023-10-27 08:32:30,Mobile,comment,560.5,sports,1
1043,458,2023-08-16 21:08:32,Tablet,view,523.7,sports,0
1044,83,2023-09-28 04:36:06,Mobile,view,258.9,technology,0
1045,145,2023-02-12 01:59:50,Desktop,view,417.9,lifestyle,0
1046,85,2023-12-09 10:38:53,Desktop,view,542.7,news,0
1047,78,2023-11-22 22:28:25,Mobile,comment,511.8,lifestyle,1
1048,457,2023-10-29 00:26:29,Desktop,view,254.5,lifestyle,0
1049,878,2023-12-30 07:00:35,Mobile,like,76.3,lifestyle,1
1050,1,2023-01-21 00:02:39,Desktop,view,54.6,sports,0
1051,51,2023-04-17 03:22:25,Desktop,view,350.5,lifestyle,0
1052,685,2023-12-02 22:28:29,Mobile,like,389.2,technology,1
1053,717,2023-10-30 08:52:01,Mobile,post,511.4,entertainment,1
1054,772,2023-04-27 04:30:37,Mobile,comment,182.6,sports,1
1055,446,2023-05-04 02:17:24,Desktop,view,108.8,news,0
1056,449,2023-10-08 04:05:43,Mobile,view,233.6,entertainment,0
1057,881,2023-10-19 12:48:21,Desktop,share,218.6,entertainment,1
1058,488,2023-07-22 23:23:47,Desktop,view,88.2,entertainment,0
1059,800,2023-02-20 15:39:38,Mobile,view,406.6,lifestyle,0
1060,34,2023-09-28 19:45:26,Desktop,share,310.1,lifestyle,1
1061,348,2023-11-20 15:34:31,Desktop,share,435.5,sports,1
1062,95,2023-10-04 19:45:21,Desktop,post,218.1,lifestyle,1
1063,72,2023-05-21 20:46:03,Desktop,post,202.2,lifestyle,1
1064,551,2023-10-02 03:23:57,Desktop,share,288.8,lifestyle,1
1065,154,2023-10-17 04:20:49,Desktop,view,527.7,sports,0
1066,250,2023-11-30 10:28:33,Desktop,view,33.8,sports,0
1067,674,2023-02-21 20:24:23,Desktop,like,484.9,technology,1
1068,438,2023-01-27 12:36:49,Mobile,like,227.7,technology,1
1069,118,2023-06-06 13:32:46,Desktop,view,514.2,technology,0
1070,771,2023-08-27 12:49:14,Desktop,view,483.3,technology,0
1071,891,2023-06-05 01:56:56,Desktop,view,215.8,entertainment,0
1072,306,2023-10-18 22:06:03,Mobile,like,419.4,entertainment,1
1073,268,2023-05-16 13:31:28,Mobile,view,104.2,technology,1
1074,961,2023-05-24 15:03:58,Mobile,view,538.8,technology,0
1075,54,2023-04-16 16:16:48,Mobile,like,248.6,news,1
1076,236,2023-06-07 08:51:37,Mobile,comment,278.8,entertainment,1
1077,389,2023-05-26 14:09:21,Mobile,view,426.4,news,0
1078,990,2023-01-02 19:05:03,Mobile,like,494.3,news,1
1079,734,2023-03-18 12:25:57,Desktop,comment,149.4,lifestyle,1
1080,763,2023-05-12 07:28:37,Desktop,view,400.2,sports,0
1081,825,2023-03-31 06:18:56,Desktop,view,241.3,entertainment,0
1082,401,2023-12-11 07:46:30,Tablet,view,227.5,technology,1
1083,624,2023-12-16 17:22:31,Mobile,view,417.1,technology,0
1084,767,2023-09-20 16:09:21,Mobile,post,238.4,sports,1
1085,303,2023-12-17 22:07:03,Desktop,view,214.2,entertainment,0
1086,919,2023-04-18 06:14:00,Mobile,like,503.2,technology,1
1087,207,2023-03-15 09:46:45,Desktop,view,69.8,technology,0
1088,229,2023-02-08 22:26:51,Desktop,view,408.8,lifestyle,0
1089,853,2023-06-08 15:18:23,Mobile,like,156.7,news,1
1090,910,2023-03-12 19:40:12,Mobile,view,19.1,technology,0
1091,578,2023-11-08 11:33:47,Desktop,view,108.4,entertainment,0
1092,75,2023-08-29 05:16:48,Mobile,view,367.9,sports,0
1093,435,2023-10-25 19:47:54,Desktop,view,428.4,lifestyle,0
1094,103,2023-02-05 09:00:02,Tablet,like,22.4,entertainment,1
1095,422,2023-03-25 14:49:44,Desktop,view,31.5,lifestyle,0
1096,704,2023-09-20 01:36:33,Desktop,share,542.5,news,1
1097,764,2023-11-06 01:32:51,Desktop,like,53.3,technology,1
1098,738,2023-06-21 04:30:09,Desktop,view,537.6,entertainment,0
1099,806,2023-06-22 11:59:08,Desktop,view,144.6,sports,0
1100,306,2023-12-28 00:37:04,Mobile,view,446.6,news,0
1101,98,2023-02-16 13:31:35,Mobile,comment,192.7,news,1
1102,850,2023-05-21 09:00:41,Mobile,view,516.7,lifestyle,0
1103,798,2023-04-28 10:52:09,Desktop,share,423.3,news,1
1104,335,2023-10-04 17:19:28,Mobile,view,247.1,entertainment,0
1105,859,2023-08-02 12:26:00,Desktop,share,55.0,lifestyle,1
1106,435,2023-08-08 06:31:18,Desktop,view,442.3,news,0
1107,447,2023-01-26 19:57:34,Mobile,share,374.0,sports,1
1108,994,2023-01-09 23:48:36,Mobile,view,11.7,entertainment,0
1109,308,2023-09-28 03:23:00,Desktop,view,15.6,sports,0
1110,249,2023-01-10 04:16:12,Desktop,view,487.2,sports,0
1111,166,2023-05-01 08:16:36,Tablet,view,163.0,lifestyle,0
1112,481,2023-05-05 16:11:12,Desktop,post,385.3,technology,1
1113,984,2023-06-19 15:00:40,Mobile,view,278.0,lifestyle,0
1114,335,2023-03-13 20:55:57,Mobile,view,519.4,entertainment,0
1115,542,2023-06-01 19:49:28,Desktop,like,551.0,entertainment,1
1116,759,2023-07-27 21:45:56,Desktop,view,598.1,lifestyle,0
1117,106,2023-02-18 04:30:11,Desktop,like,100.7,technology,1
1118,563,2023-06-03 01:37:22,Mobile,like,519.1,lifestyle,1
1119,81,2023-12-13 17:31:55,Mobile,view,167.0,entertainment,0
1120,133,2023-10-20 18:34:12,Mobile,post,358.6,technology,1
1121,797,2023-03-09 12:46:08,Tablet,view,308.4,entertainment,1
1122,900,2023-02-19 04:51:48,Mobile,view,20.6,technology,0
1123,138,2023-06-01 06:06:45,Mobile,comment,560.3,technology,1
1124,184,2023-01-19 15:09:35,Mobile,like,56.2,lifestyle,1
1125,401,2023-04-10 22:25:42,Mobile,view,416.0,lifestyle,0
1126,330,2023-03-01 05:16:11,Mobile,like,473.2,lifestyle,1
1127,785,2023-06-16 07:06:39,Mobile,view,479.2,technology,0
1128,508,2023-07-21 18:35:14,Mobile,view,89.9,technology,0
1129,852,2023-12-11 18:37:35,Desktop,share,274.1,entertainment,1
1130,984,2023-05-26 01:29:15,Mobile,view,499.4,sports,0
1131,69,2023-06-13 15:02:00,Desktop,view,188.6,lifestyle,0
1132,546,2023-08-30 20:43:39,Desktop,share,286.0,entertainment,1
1133,774,2023-03-10 10:39:02,Desktop,post,170.9,entertainment,1
1134,53,2023-06-24 23:53:12,Mobile,view,283.5,news,1
1135,450,2023-02-18 21:54:20,Mobile,like,533.8,lifestyle,1
1136,205,2023-04-18 00:37:37,Desktop,like,278.5,entertainment,1
1137,126,2023-08-14 07:36:04,Mobile,post,338.0,news,1
1138,747,2023-06-10 06:56:12,Mobile,share,248.3,lifestyle,1
1139,43,2023-04-29 07:24:14,Desktop,view,281.5,technology,1
1140,752,2023-05-29 22:26:09,Mobile,view,19.0,news,0
1141,971,2023-05-30 22:37:03,Mobile,view,177.4,technology,0
1142,883,2023-10-20 08:08:40,Mobile,comment,267.6,sports,1
1143,111,2023-05-23 05:46:48,Mobile,like,383.9,sports,1
1144,761,2023-06-09 14:33:09,Mobile,like,275.5,sports,1
1145,663,2023-01-11 09:39:33,Desktop,post,209.3,sports,1
1146,183,2023-05-18 14:12:48,Desktop,view,239.0,entertainment,0
1147,848,2023-03-19 07:42:27,Desktop,view,153.0,sports,0
1148,95,2023-03-18 21:13:16,Tablet,view,555.5,entertainment,0
1149,971,2023-09-11 23:14:52,Desktop,view,317.8,entertainment,0
1150,374,2023-09-15 15:58:25,Desktop,view,17.9,lifestyle,0
1151,912,2023-11-16 23:51:36,Mobile,view,21.5,entertainment,0
1152,520,2023-10-18 05:02:15,Tablet,like,584.0,entertainment,1
1153,900,2023-09-20 13:09:37,Mobile,share,140.7,sports,1
1154,360,2023-03-26 06:32:34,Desktop,like,485.3,entertainment,1
1155,900,2023-05-26 17:21:31,Desktop,like,44.4,technology,1
1156,696,2023-11-19 15:27:01,Desktop,view,553.5,sports,0
1157,281,2023-02-11 16:11:23,Desktop,comment,525.9,news,1
1158,195,2023-05-05 23:39:00,Desktop,comment,346.9,sports,1
1159,864,2023-06-16 04:42:03,Mobile,like,15.3,entertainment,1
1160,195,2023-08-29 13:13:11,Tablet,view,162.1,technology,0
1161,667,2023-10-07 17:17:41,Desktop,view,250.0,sports,0
1162,93,2023-07-07 15:05:36,Mobile,view,281.4,technology,0
1163,672,2023-10-29 20:34:43,Mobile,like,185.6,news,1
1164,946,2023-01-19 16:55:48,Desktop,share,29.4,news,1
1165,61,2023-03-09 09:10:02,Mobile,share,358.2,lifestyle,1
1166,634,2023-08-06 22:14:58,Desktop,view,319.3,lifestyle,0
1167,51,2023-04-12 20:16:56,Desktop,comment,177.0,sports,1
1168,403,2023-02-11 07:24:32,Mobile,post,32.4,lifestyle,1
1169,789,2023-10-15 01:10:13,Desktop,view,596.8,technology,0
1170,5,2023-06-16 02:51:33,Tablet,view,294.4,lifestyle,0
1171,466,2023-04-19 15:31:00,Desktop,post,456.0,technology,1
1172,604,2023-02-05 17:21:47,Mobile,view,276.9,lifestyle,0
1173,682,2023-08-20 15:52:14,Mobile,post,35.5,lifestyle,1
1174,829,2023-08-17 00:35:00,Desktop,post,192.7,lifestyle,1
1175,534,2023-12-19 17:13:17,Desktop,like,198.9,entertainment,1
1176,405,2023-06-13 07:49:32,Mobile,share,504.6,entertainment,1
1177,838,2023-03-14 05:35:32,Mobile,comment,396.0,lifestyle,1
1178,513,2023-05-16 05:03:19,Mobile,like,172.5,technology,1
1179,645,2023-12-19 10:10:09,Mobile,view,581.0,sports,0
1180,233,2023-03-11 11:56:05,Mobile,view,199.7,news,0
1181,524,2023-07-15 02:13:36,Mobile,view,599.0,entertainment,0
1182,346,2023-09-26 11:02:59,Mobile,like,597.7,lifestyle,1
1183,46,2023-02-18 08:51:21,Mobile,view,122.8,news,0
1184,546,2023-11-12 22:56:34,Mobile,view,194.5,entertainment,0
1185,945,2023-05-10 06:47:52,Mobile,view,296.8,sports,0
1186,78,2023-01-05 14:23:33,Desktop,comment,401.8,technology,1
1187,730,2023-01-27 10:00:21,Mobile,post,321.5,lifestyle,1
1188,813,2023-06-09 15:02:11,Mobile,post,582.0,sports,1
1189,923,2023-05-29 06:41:27,Desktop,view,437.2,entertainment,0
1190,73,2023-09-21 03:33:48,Desktop,share,135.1,lifestyle,1
1191,794,2023-08-18 17:06:50,Desktop,comment,72.0,news,1
1192,249,2023-07-19 00:23:21,Mobile,like,416.2,technology,1
1193,47,2023-02-19 23:39:39,Mobile,like,103.5,entertainment,1
1194,121,2023-03-08 04:13:13,Desktop,view,474.7,technology,0
1195,214,2023-10-27 12:27:44,Mobile,post,193.5,lifestyle,1
1196,239,2023-02-27 05:38:27,Mobile,view,202.9,sports,0
1197,56,2023-09-16 05:26:51,Desktop,view,16.4,technology,0
1198,350,2023-12-08 12:09:51,Mobile,like,423.6,news,1
1199,107,2023-11-22 03:19:10,Tablet,view,76.8,entertainment,0
1200,831,2023-05-10 21:10:40,Mobile,view,466.0,news,0
1201,48,2023-08-03 21:30:03,Mobile,like,300.2,technology,1
1202,573,2023-06-21 00:45:45,Tablet,view,472.7,sports,0
1203,337,2023-09-15 15:20:43,Mobile,comment,354.5,sports,1
1204,26,2023-04-12 01:04:26,Desktop,like,58.6,news,1
1205,804,2023-07-28 08:57:25,Mobile,like,461.7,lifestyle,1
1206,257,2023-10-18 12:25:24,Mobile,like,51.2,lifestyle,1
1207,8,2023-12-20 19:49:14,Mobile,like,292.4,sports,1
1208,625,2023-10-13 14:16:14,Desktop,like,111.7,news,1
1209,867,2023-04-26 08:21:56,Mobile,like,453.9,news,1
1210,253,2023-09-21 22:30:29,Desktop,comment,547.8,news,1
1211,692,2023-05-30 05:40:47,Tablet,comment,336.9,technology,1
1212,719,2023-10-27 08:27:11,Desktop,share,321.0,lifestyle,1
1213,303,2023-02-05 04:58:28,Desktop,view,460.7,lifestyle,0
1214,639,2023-11-29 08:08:56,Mobile,view,13.0,technology,0
1215,56,2023-10-14 11:23:12,Desktop,post,551.5,entertainment,1
1216,726,2023-10-30 15:22:30,Mobile,view,126.5,technology,0
1217,526,2023-11-07 19:19:21,Tablet,view,590.6,news,1
1218,474,2023-07-27 14:25:55,Mobile,like,444.4,technology,1
1219,28,2023-04-16 17:00:40,Desktop,view,466.8,news,0
1220,983,2023-06-07 05:34:53,Desktop,view,397.2,sports,0
1221,78,2023-05-01 01:42:35,Mobile,post,288.3,news,1
1222,216,2023-02-24 12:56:47,Tablet,like,347.3,lifestyle,1
1223,386,2023-01-12 09:18:07,Mobile,view,37.4,technology,0
1224,365,2023-05-25 15:27:48,Mobile,post,378.1,news,1
1225,666,2023-05-16 05:49:23,Desktop,post,379.4,entertainment,1
1226,526,2023-01-03 13:55:24,Mobile,view,535.8,sports,0
1227,699,2023-05-24 14:41:10,Mobile,view,308.3,entertainment,0
1228,312,2023-01-30 15:42:27,Desktop,share,55.5,entertainment,1
1229,883,2023-08-25 17:48:30,Desktop,comment,190.7,entertainment,1
1230,7,2023-10-06 14:52:34,Mobile,like,396.8,sports,1
1231,3,2023-12-14 05:48:56,Desktop,share,151.2,sports,1
1232,623,2023-04-25 01:13:46,Desktop,like,175.5,sports,1
1233,919,2023-04-14 07:40:06,Mobile,view,494.1,sports,0
1234,750,2023-04-28 13:17:12,Desktop,like,354.7,entertainment,1
1235,363,2023-01-05 07:49:11,Desktop,view,310.0,lifestyle,0
1236,751,2023-12-26 22:01:43,Mobile,comment,197.9,lifestyle,1
1237,508,2023-09-05 03:08:28,Mobile,like,441.2,sports,1
1238,274,2023-12-30 17:22:02,Mobile,view,179.8,technology,0
1239,506,2023-11-17 12:41:11,Mobile,like,444.9,news,1
1240,806,2023-05-01 00:36:44,Mobile,view,51.4,technology,0
1241,739,2023-10-13 08:38:51,Mobile,view,520.1,technology,0
1242,883,2023-05-29 14:33:48,Desktop,like,304.7,technology,1
1243,15,2023-03-25 09:24:30,Mobile,view,268.7,lifestyle,0
1244,192,2023-08-19 13:37:47,Tablet,comment,370.5,news,1
1245,985,2023-10-15 16:16:25,Desktop,view,378.3,technology,0
1246,631,2023-06-10 06:00:07,Desktop,like,87.9,sports,1
1247,485,2023-09-29 06:56:08,Mobile,share,456.2,lifestyle,1
1248,28,2023-02-07 03:18:28,Desktop,like,172.8,sports,1
1249,714,2023-08-14 07:20:23,Desktop,view,543.9,sports,0
1250,39,2023-05-22 20:45:07,Mobile,post,492.5,technology,1
1251,953,2023-10-19 21:44:17,Tablet,view,214.3,sports,0
1252,273,2023-05-31 17:00:15,Mobile,view,486.6,news,0
1253,231,2023-04-24 15:30:35,Desktop,view,220.3,sports,0
1254,86,2023-08-25 13:43:49,Desktop,view,69.6,technology,0
1255,474,2023-03-07 22:49:12,Mobile,post,577.5,sports,1
1256,126,2023-12-27 10:40:58,Mobile,view,395.0,lifestyle,1
1257,812,2023-12-07 12:49:29,Desktop,comment,279.1,lifestyle,1
1258,537,2023-09-15 02:07:39,Mobile,comment,244.7,lifestyle,1
1259,145,2023-09-06 16:50:14,Desktop,view,201.6,entertainment,0
1260,525,2023-11-27 21:27:20,Mobile,like,589.1,lifestyle,1
1261,212,2023-11-19 09:06:33,Mobile,view,89.5,lifestyle,0
1262,25,2023-06-29 12:54:33,Mobile,view,195.7,entertainment,1
1263,580,2023-07-09 15:29:11,Mobile,view,296.4,lifestyle,0
1264,394,2023-06-03 21:55:15,Desktop,post,292.0,technology,1
1265,67,2023-07-15 15:04:14,Mobile,post,288.1,lifestyle,1
1266,233,2023-11-07 01:56:46,Mobile,view,113.7,lifestyle,0
1267,109,2023-09-19 20:36:58,Desktop,view,95.5,entertainment,0
1268,146,2023-05-23 18:09:04,Mobile,comment,160.3,technology,1
1269,111,2023-12-08 09:24:00,Desktop,view,549.6,sports,0
1270,228,2023-11-12 09:00:30,Mobile,share,76.7,news,1
1271,111,2023-04-11 06:24:51,Mobile,like,456.9,technology,1
1272,470,2023-09-01 09:09:43,Tablet,view,457.0,sports,0
1273,34,2023-01-12 06:39:49,Desktop,share,487.8,technology,1
1274,623,2023-08-27 20:57:31,Mobile,view,533.1,sports,0
1275,776,2023-02-18 05:16:30,Mobile,post,165.2,sports,1
1276,936,2023-02-11 22:19:20,Mobile,post,142.5,technology,1
1277,369,2023-06-15 10:01:21,Desktop,view,284.6,entertainment,1
1278,748,2023-03-23 03:03:53,Mobile,view,166.4,technology,0
1279,595,2023-10-18 04:30:41,Mobile,post,443.2,technology,1
1280,554,2023-06-07 01:38:59,Desktop,post,385.2,sports,1
1281,425,2023-08-04 13:12:42,Desktop,view,526.2,news,0
1282,613,2023-06-07 09:44:23,Mobile,share,58.8,sports,1
1283,518,2023-05-14 21:18:41,Mobile,view,549.9,lifestyle,0
1284,692,2023-03-08 07:30:45,Desktop,view,183.1,technology,0
1285,282,2023-12-02 12:26:09,Desktop,share,299.5,technology,1
1286,320,2023-01-07 13:05:18,Desktop,view,268.8,entertainment,0
1287,738,2023-01-14 23:31:43,Mobile,post,458.6,sports,1
1288,443,2023-03-14 06:00:25,Mobile,view,258.0,entertainment,0
1289,952,2023-06-12 07:31:16,Mobile,like,566.7,technology,1
1290,315,2023-03-07 18:00:05,Tablet,view,542.5,sports,0
1291,877,2023-12-13 12:23:25,Mobile,like,524.6,sports,1
1292,966,2023-05-10 23:29:25,Desktop,like,52.0,lifestyle,1
1293,741,2023-07-25 10:52:01,Desktop,view,514.0,lifestyle,0
1294,377,2023-10-03 18:05:01,Desktop,like,471.2,news,1
1295,289,2023-09-13 08:43:53,Tablet,view,71.1,lifestyle,0
1296,437,2023-09-23 12:01:49,Mobile,view,73.4,sports,0
1297,662,2023-01-25 18:44:28,Desktop,share,69.7,lifestyle,1
1298,277,2023-10-08 12:17:34,Desktop,view,16.7,news,0
1299,710,2023-09-10 18:41:33,Mobile,like,333.7,technology,1
1300,582,2023-11-06 10:30:53,Mobile,like,584.3,lifestyle,1
1301,503,2023-10-16 10:40:05,Desktop,like,268.8,sports,1
1302,624,2023-06-13 18:30:52,Tablet,view,329.0,technology,0
1303,516,2023-04-05 12:05:27,Mobile,view,581.1,sports,0
1304,350,2023-09-27 21:27:07,Desktop,view,160.6,technology,0
1305,843,2023-11-17 00:08:12,Mobile,comment,516.5,sports,1
1306,446,2023-04-20 02:26:51,Desktop,share,332.4,lifestyle,1
1307,830,2023-12-02 06:44:32,Tablet,like,346.0,lifestyle,1
1308,350,2023-11-06 20:00:10,Tablet,view,212.5,news,0
1309,607,2023-08-26 13:05:53,Mobile,view,341.3,technology,0
1310,664,2023-01-25 15:01:50,Mobile,view,53.2,news,0
1311,823,2023-05-21 03:52:59,Desktop,view,461.1,entertainment,0
1312,137,2023-04-27 07:52:08,Tablet,view,178.0,lifestyle,0
1313,759,2023-01-25 03:34:27,Mobile,view,533.7,technology,0
1314,899,2023-03-20 16:27:14,Mobile,view,227.0,news,0
1315,243,2023-03-09 07:10:51,Tablet,view,94.3,news,0
1316,543,2023-06-22 08:41:19,Tablet,view,420.6,entertainment,0
1317,40,2023-01-12 20:23:22,Mobile,view,107.1,news,0
1318,229,2023-10-15 04:17:29,Desktop,view,454.7,sports,0
1319,548,2023-05-08 21:10:21,Tablet,view,581.2,lifestyle,0
1320,920,2023-04-06 01:30:51,Mobile,like,469.9,news,1
1321,223,2023-04-02 11:28:36,Tablet,view,23.2,news,0
1322,6,2023-05-21 17:31:04,Mobile,view,363.9,entertainment,0
1323,322,2023-01-31 17:42:41,Desktop,view,420.3,sports,0
1324,468,2023-11-30 10:47:50,Desktop,view,497.0,news,0
1325,732,2023-01-20 08:34:33,Mobile,view,43.0,lifestyle,0
1326,75,2023-05-26 16:17:07,Mobile,view,293.3,lifestyle,0
1327,4,2023-11-12 18:22:35,Desktop,like,325.9,news,1
1328,847,2023-06-09 07:02:52,Mobile,view,109.8,sports,1
1329,646,2023-12-15 01:00:42,Desktop,view,200.2,lifestyle,0
1330,118,2023-02-12 07:46:41,Mobile,share,269.7,lifestyle,1
1331,881,2023-09-11 09:27:44,Mobile,view,501.6,sports,0
1332,606,2023-05-10 03:55:22,Desktop,view,558.4,sports,0
1333,504,2023-03-01 06:53:40,Desktop,share,380.8,news,1
1334,998,2023-05-31 19:00:31,Desktop,share,243.0,technology,1
1335,947,2023-10-14 15:29:05,Mobile,view,159.9,entertainment,0
1336,574,2023-01-05 13:54:41,Desktop,view,589.5,technology,0
1337,441,2023-09-23 19:41:42,Desktop,view,590.0,technology,0
1338,194,2023-12-11 02:25:11,Tablet,view,555.7,lifestyle,0
1339,847,2023-05-10 23:38:52,Mobile,like,473.5,sports,1
1340,715,2023-09-24 05:13:13,Mobile,view,202.2,lifestyle,0
1341,392,2023-06-27 02:16:39,Tablet,view,492.0,entertainment,0
1342,26,2023-09-10 21:10:53,Desktop,post,251.2,news,1
1343,435,2023-02-25 10:03:11,Mobile,post,202.8,entertainment,1
1344,173,2023-03-24 02:50:11,Mobile,view,449.5,lifestyle,0
1345,300,2023-04-09 17:31:09,Mobile,like,57.0,lifestyle,1
1346,645,2023-05-29 15:45:46,Desktop,view,38.7,lifestyle,0
1347,326,2023-11-25 05:59:02,Mobile,share,274.3,lifestyle,1
1348,410,2023-06-05 08:41:52,Mobile,view,272.9,technology,0
1349,118,2023-07-09 12:34:02,Mobile,view,538.4,news,0
1350,836,2023-09-20 15:23:08,Desktop,view,84.4,technology,0
1351,787,2023-03-21 07:41:31,Desktop,view,82.7,lifestyle,0
1352,724,2023-09-09 21:39:20,Desktop,view,97.0,sports,0
1353,225,2023-04-07 23:26:28,Desktop,comment,27.5,technology,1
1354,532,2023-09-17 06:16:41,Mobile,like,52.3,lifestyle,1
1355,113,2023-09-17 05:00:20,Desktop,view,399.3,lifestyle,0
1356,140,2023-04-13 02:15:55,Mobile,view,264.6,news,0
1357,559,2023-02-09 19:11:59,Desktop,view,460.5,entertainment,0
1358,1,2023-09-30 22:30:51,Desktop,share,595.6,technology,1
1359,90,2023-04-11 10:12:57,Mobile,post,398.8,technology,1
1360,654,2023-12-25 05:28:30,Desktop,post,39.8,technology,1
1361,320,2023-11-04 06:48:52,Mobile,share,71.7,lifestyle,1
1362,550,2023-08-09 05:10:01,Mobile,view,529.8,news,0
1363,805,2023-11-04 17:33:47,Desktop,view,321.2,lifestyle,0
1364,894,2023-05-04 01:22:47,Desktop,like,496.7,lifestyle,1
1365,139,2023-08-19 23:24:49,Desktop,post,515.4,sports,1
1366,511,2023-06-27 05:33:42,Desktop,view,557.3,news,0
1367,868,2023-03-04 12:04:23,Desktop,view,570.4,technology,1
1368,845,2023-04-26 20:44:31,Desktop,share,337.3,entertainment,1
1369,259,2023-07-10 01:35:22,Desktop,view,211.2,technology,0
1370,673,2023-03-03 07:36:53,Mobile,view,577.5,lifestyle,1
1371,902,2023-09-13 22:30:50,Mobile,like,333.0,news,1
1372,690,2023-01-07 23:51:07,Mobile,view,47.9,news,1
1373,10,2023-06-04 23:13:16,Desktop,view,389.2,news,0
1374,261,2023-04-02 18:32:12,Desktop,comment,356.7,sports,1
1375,919,2023-01-14 03:24:57,Mobile,like,538.5,technology,1
1376,650,2023-08-17 18:58:43,Mobile,post,395.4,sports,1
1377,172,2023-03-27 06:36:56,Mobile,view,215.9,entertainment,0
1378,898,2023-05-13 11:18:15,Desktop,view,580.1,lifestyle,0
1379,13,2023-07-02 05:28:22,Mobile,comment,483.0,sports,1
1380,168,2023-03-03 07:00:42,Mobile,like,381.9,sports,1
1381,642,2023-08-07 15:30:41,Desktop,view,182.8,lifestyle,1
1382,596,2023-09-03 18:48:32,Mobile,comment,230.4,news,1
1383,321,2023-08-18 23:47:43,Mobile,view,405.3,lifestyle,0
1384,319,2023-03-20 14:52:54,Desktop,view,52.5,technology,0
1385,613,2023-05-29 23:49:04,Desktop,view,161.4,lifestyle,0
1386,329,2023-05-18 07:54:42,Mobile,view,431.2,news,0
1387,785,2023-11-10 02:32:51,Tablet,view,293.2,lifestyle,0
1388,777,2023-03-06 01:01:36,Desktop,like,247.4,sports,1
1389,971,2023-01-13 05:34:18,Desktop,comment,99.4,entertainment,1
1390,911,2023-08-01 05:38:33,Desktop,post,270.7,sports,1
1391,920,2023-08-30 05:19:09,Mobile,view,464.7,entertainment,0
1392,550,2023-08-01 14:52:01,Desktop,view,165.8,lifestyle,0
1393,419,2023-06-30 12:42:20,Tablet,view,13.2,technology,0
1394,606,2023-12-04 01:22:36,Desktop,view,404.4,lifestyle,0
1395,95,2023-06-22 21:02:11,Desktop,like,583.8,news,1
1396,817,2023-06-09 22:56:52,Mobile,comment,368.0,lifestyle,1
1397,581,2023-06-13 18:30:41,Mobile,comment,80.8,entertainment,1
1398,318,2023-07-07 17:43:31,Mobile,view,199.2,sports,0
1399,956,2023-07-10 14:29:20,Mobile,view,521.9,technology,0
1400,236,2023-11-04 14:15:13,Tablet,view,147.2,lifestyle,0
1401,946,2023-09-13 17:33:52,Desktop,view,368.5,lifestyle,0
1402,334,2023-07-02 04:16:57,Mobile,like,247.6,sports,1
1403,885,2023-04-27 06:52:09,Desktop,post,132.6,technology,1
1404,376,2023-10-09 08:21:39,Mobile,view,489.9,lifestyle,0
1405,459,2023-07-15 08:19:21,Mobile,comment,448.3,lifestyle,1
1406,137,2023-02-03 03:30:02,Desktop,like,400.3,entertainment,1
1407,930,2023-02-21 02:34:16,Mobile,view,149.4,entertainment,0
1408,588,2023-04-22 23:55:20,Desktop,like,67.7,news,1
1409,995,2023-09-09 09:38:01,Desktop,view,349.9,sports,0
1410,547,2023-03-23 17:59:49,Mobile,view,336.7,technology,0
1411,513,2023-08-20 12:02:41,Desktop,like,121.1,lifestyle,1
1412,296,2023-08-15 17:55:03,Mobile,share,43.2,lifestyle,1
1413,320,2023-08-21 09:35:40,Desktop,view,57.6,news,0
1414,918,2023-08-09 07:22:16,Desktop,view,595.7,lifestyle,0
1415,572,2023-02-11 23:31:40,Desktop,share,472.3,sports,1
1416,832,2023-01-21 17:30:43,Desktop,share,554.0,news,1
1417,349,2023-02-11 21:48:52,Mobile,comment,125.1,sports,1
1418,840,2023-04-23 15:42:55,Mobile,view,576.7,news,0
1419,779,2023-04-15 00:47:51,Tablet,post,94.2,lifestyle,1
1420,873,2023-07-11 12:46:42,Mobile,view,310.4,news,1
1421,229,2023-01-17 13:50:12,Desktop,like,499.5,entertainment,1
1422,270,2023-04-30 06:17:06,Mobile,view,216.4,technology,0
1423,828,2023-05-09 16:39:39,Desktop,like,260.6,lifestyle,1
1424,798,2023-05-10 21:07:37,Desktop,view,85.6,technology,0
1425,291,2023-03-01 18:31:08,Mobile,view,82.5,lifestyle,0
1426,725,2023-02-17 22:14:30,Desktop,view,375.5,technology,0
1427,165,2023-01-29 11:56:38,Desktop,view,408.6,entertainment,0
1428,5,2023-04-07 17:43:34,Tablet,like,468.6,technology,1
1429,851,2023-01-10 12:40:07,Mobile,share,338.4,news,1
1430,379,2023-08-30 02:10:12,Mobile,post,391.0,technology,1
1431,78,2023-11-10 17:10:44,Desktop,view,18.0,lifestyle,0
1432,410,2023-08-20 19:28:13,Desktop,comment,105.7,sports,1
1433,574,2023-10-04 00:36:19,Mobile,like,591.1,technology,1
1434,132,2023-10-11 12:09:58,Desktop,view,54.8,technology,0
1435,601,2023-07-22 20:43:21,Mobile,view,410.5,technology,0
1436,749,2023-09-04 02:17:55,Desktop,like,113.9,lifestyle,1
1437,42,2023-10-17 14:02:54,Mobile,post,432.9,technology,1
1438,89,2023-09-21 13:17:37,Desktop,like,426.5,lifestyle,1
1439,402,2023-08-02 05:45:00,Mobile,view,148.2,lifestyle,0
1440,296,2023-07-19 10:57:44,Mobile,like,169.1,sports,1
1441,840,2023-03-20 11:45:51,Mobile,view,396.3,news,0
1442,295,2023-12-09 22:55:34,Desktop,comment,240.2,lifestyle,1
1443,616,2023-12-10 03:51:09,Mobile,comment,124.8,entertainment,1
1444,526,2023-06-22 16:45:15,Mobile,view,441.7,technology,0
1445,800,2023-03-10 05:49:14,Desktop,share,100.9,entertainment,1
1446,691,2023-03-28 08:45:55,Mobile,view,514.8,technology,0
1447,637,2023-04-11 17:35:53,Desktop,post,313.7,sports,1
1448,422,2023-01-08 22:49:50,Desktop,view,72.4,lifestyle,0
1449,865,2023-11-29 12:30:26,Mobile,view,419.5,news,0
1450,23,2023-07-19 13:02:56,Desktop,view,316.3,lifestyle,0
1451,575,2023-03-28 22:22:58,Mobile,view,185.9,technology,0
1452,143,2023-02-12 12:31:35,Desktop,view,259.3,news,0
1453,993,2023-04-19 03:57:50,Mobile,like,186.0,lifestyle,1
1454,665,2023-06-01 08:35:08,Tablet,like,165.2,news,1
1455,145,2023-01-17 04:18:43,Mobile,comment,106.5,technology,1
1456,225,2023-05-13 17:20:33,Desktop,view,224.0,sports,0
1457,503,2023-05-28 13:04:28,Desktop,like,158.1,sports,1
1458,962,2023-10-04 05:33:11,Mobile,view,413.2,lifestyle,0
1459,974,2023-08-20 02:59:35,Desktop,comment,413.5,entertainment,1
1460,821,2023-11-10 21:36:41,Desktop,view,306.1,technology,0
1461,616,2023-08-16 23:36:35,Mobile,post,469.0,lifestyle,1
1462,104,2023-05-19 17:00:50,Mobile,comment,506.4,lifestyle,1
1463,947,2023-07-30 04:37:53,Tablet,like,352.1,sports,1
1464,39,2023-01-28 07:30:56,Desktop,view,375.2,news,0
1465,947,2023-02-20 01:50:14,Desktop,view,176.9,technology,0
1466,198,2023-09-18 02:03:35,Desktop,view,538.0,news,0
1467,646,2023-09-18 12:11:24,Tablet,share,24.3,technology,1
1468,579,2023-12-16 04:42:44,Mobile,post,215.7,entertainment,1
1469,391,2023-12-18 10:28:46,Mobile,view,435.9,sports,0
1470,179,2023-01-08 10:17:24,Tablet,like,57.3,entertainment,1
1471,968,2023-11-16 15:52:29,Mobile,comment,118.1,lifestyle,1
1472,554,2023-05-18 10:25:44,Mobile,like,357.7,sports,1
1473,448,2023-02-07 13:52:56,Desktop,view,340.4,lifestyle,0
1474,500,2023-04-21 08:57:32,Mobile,view,446.0,entertainment,0
1475,15,2023-08-08 01:03:52,Mobile,view,489.4,technology,0
1476,623,2023-12-03 22:20:37,Mobile,share,85.9,lifestyle,1
1477,669,2023-08-11 09:29:08,Tablet,view,20.8,news,0
1478,289,2023-05-16 17:00:40,Tablet,view,416.9,technology,0
1479,478,2023-09-13 23:37:56,Mobile,post,187.8,technology,1
1480,231,2023-12-26 21:25:16,Mobile,like,379.3,entertainment,1
1481,923,2023-11-25 14:50:59,Mobile,share,98.8,entertainment,1
1482,420,2023-02-18 10:40:02,Desktop,view,286.7,sports,0
1483,157,2023-10-19 16:02:07,Desktop,view,307.6,sports,0
1484,550,2023-11-20 10:42:58,Mobile,post,355.2,news,1
1485,441,2023-03-19 06:11:58,Mobile,view,312.8,technology,0
1486,97,2023-04-15 21:01:55,Desktop,view,302.5,news,0
1487,997,2023-06-18 21:36:27,Tablet,view,206.3,news,0
1488,411,2023-08-05 23:37:09,Desktop,view,52.0,entertainment,0
1489,951,2023-04-29 05:41:06,Desktop,view,62.8,news,0
1490,289,2023-07-09 12:37:55,Mobile,share,265.9,news,1
1491,254,2023-09-12 16:42:22,Desktop,post,219.9,lifestyle,1
1492,196,2023-09-23 23:39:20,Desktop,post,314.5,sports,1
1493,598,2023-05-29 07:22:44,Desktop,view,189.9,sports,0
1494,834,2023-06-13 06:13:32,Mobile,view,415.9,technology,0
1495,522,2023-05-20 14:10:01,Mobile,view,519.7,sports,1
1496,517,2023-12-13 16:00:49,Mobile,share,186.3,technology,1
1497,635,2023-09-15 16:55:57,Mobile,view,123.9,lifestyle,1
1498,842,2023-09-26 09:51:57,Desktop,like,78.5,sports,1
1499,865,2023-06-30 03:39:16,Tablet,comment,373.6,lifestyle,1
1500,118,2023-06-09 06:24:24,Desktop,view,271.9,sports,0
