order_id,customer_id,order_date,product_id,quantity,price,category
ORD000001,CUST198,2022-04-21,PROD32,8,135.48,Health & Beauty
ORD000002,CUST67,2022-06-28,PROD70,5,184.73,Clothing
ORD000003,CUST97,2023-08-28,PROD95,1,205.87,Home & Garden
ORD000004,CUST71,2022-05-18,PROD64,4,191.79,Groceries
ORD000005,CUST196,2022-03-14,PROD73,3,107.93,Clothing
ORD000006,CUST196,2023-09-22,PROD71,6,42.75,Groceries
ORD000007,CUST104,2024-06-05,PROD53,8,33.94,Health & Beauty
ORD000008,CUST85,2023-11-09,PROD71,9,478.18,Health & Beauty
ORD000009,CUST64,2024-05-27,PROD35,6,345.94,Home & Garden
ORD000010,CUST133,2023-03-01,PROD14,9,224.86,Health & Beauty
ORD000011,CUST38,2023-12-10,PROD38,9,481.82,Health & Beauty
ORD000012,CUST110,2023-02-16,PROD7,8,64.05,Home & Garden
ORD000013,CUST114,2023-08-12,PROD5,5,357.05,Health & Beauty
ORD000014,CUST108,2022-08-16,PROD12,9,10.64,Electronics
ORD000015,CUST109,2023-04-15,PROD81,9,328.51,Groceries
ORD000016,CUST14,2023-07-27,PROD63,2,177.63,Groceries
ORD000017,CUST33,2022-06-05,PROD50,6,459.09,Clothing
ORD000018,CUST179,2022-01-20,PROD14,5,71.99,Electronics
ORD000019,CUST145,2023-07-04,PROD8,2,94.98,Electronics
ORD000020,CUST26,2022-05-07,PROD77,3,213.54,Groceries
ORD000021,CUST6,2022-11-29,PROD56,2,413.32,Electronics
ORD000022,CUST56,2022-03-11,PROD42,4,169.25,Home & Garden
ORD000023,CUST83,2022-06-01,PROD91,8,18.74,Electronics
ORD000024,CUST180,2022-05-22,PROD87,3,204.92,Groceries
ORD000025,CUST179,2024-06-28,PROD49,1,390.69,Groceries
ORD000026,CUST156,2024-09-08,PROD57,3,267.5,Groceries
ORD000027,CUST143,2024-05-25,PROD38,1,53.69,Electronics
ORD000028,CUST41,2023-11-26,PROD29,2,467.33,Groceries
ORD000029,CUST64,2023-03-26,PROD92,9,263.36,Home & Garden
ORD000030,CUST178,2022-06-30,PROD28,9,219.88,Clothing
ORD000031,CUST51,2023-09-22,PROD100,8,316.39,Home & Garden
ORD000032,CUST10,2023-05-03,PROD61,3,280.86,Home & Garden
ORD000033,CUST54,2022-05-18,PROD51,7,181.53,Health & Beauty
ORD000034,CUST117,2023-08-23,PROD96,8,414.95,Health & Beauty
ORD000035,CUST59,2023-08-25,PROD14,7,165.77,Clothing
ORD000036,CUST108,2022-12-27,PROD16,7,283.44,Home & Garden
ORD000037,CUST28,2023-04-17,PROD92,9,270.82,Home & Garden
ORD000038,CUST86,2022-01-06,PROD27,7,408.28,Health & Beauty
ORD000039,CUST114,2024-09-10,PROD76,3,337.2,Groceries
ORD000040,CUST11,2022-01-05,PROD72,6,298.56,Home & Garden
ORD000041,CUST77,2023-11-22,PROD98,5,74.62,Health & Beauty
ORD000042,CUST75,2022-12-08,PROD66,5,193.02,Electronics
ORD000043,CUST175,2022-10-15,PROD77,2,94.86,Clothing
ORD000044,CUST39,2022-07-12,PROD73,7,124.77,Groceries
ORD000045,CUST8,2024-06-24,PROD41,6,487.84,Electronics
ORD000046,CUST17,2022-07-03,PROD68,3,173.36,Groceries
ORD000047,CUST31,2023-03-14,PROD24,2,213.17,Electronics
ORD000048,CUST160,2023-07-04,PROD13,2,485.85,Groceries
ORD000049,CUST19,2023-05-01,PROD12,6,142.34,Electronics
ORD000050,CUST25,2023-05-03,PROD83,6,295.82,Home & Garden
ORD000051,CUST162,2022-08-22,PROD31,9,406.13,Health & Beauty
ORD000052,CUST180,2023-10-03,PROD74,8,212.5,Health & Beauty
ORD000053,CUST98,2022-03-01,PROD92,1,306.77,Electronics
ORD000054,CUST132,2022-06-11,PROD82,2,323.77,Electronics
ORD000055,CUST65,2023-03-10,PROD29,6,58.73,Electronics
ORD000056,CUST13,2023-04-14,PROD42,2,262.51,Home & Garden
ORD000057,CUST5,2022-03-10,PROD48,4,439.01,Electronics
ORD000058,CUST175,2023-04-03,PROD78,7,342.01,Home & Garden
ORD000059,CUST196,2024-08-12,PROD67,1,112.51,Home & Garden
ORD000060,CUST83,2024-05-26,PROD6,8,110.19,Home & Garden
ORD000061,CUST21,2022-04-20,PROD72,8,213.67,Electronics
ORD000062,CUST70,2024-01-02,PROD60,9,426.11,Electronics
ORD000063,CUST66,2022-01-09,PROD44,3,152.97,Electronics
ORD000064,CUST11,2024-04-02,PROD37,7,74.34,Health & Beauty
ORD000065,CUST32,2022-10-21,PROD11,1,304.02,Home & Garden
ORD000066,CUST177,2022-05-19,PROD71,6,499.75,Home & Garden
ORD000067,CUST45,2022-11-25,PROD48,8,338.35,Health & Beauty
ORD000068,CUST165,2022-06-29,PROD97,1,292.89,Home & Garden
ORD000069,CUST171,2022-08-15,PROD70,7,455.0,Electronics
ORD000070,CUST108,2023-10-06,PROD8,9,467.4,Home & Garden
ORD000071,CUST25,2023-11-11,PROD24,3,253.54,Electronics
ORD000072,CUST51,2023-03-24,PROD27,8,456.62,Home & Garden
ORD000073,CUST32,2023-12-30,PROD57,8,138.1,Home & Garden
ORD000074,CUST120,2022-11-29,PROD94,9,63.36,Clothing
ORD000075,CUST9,2022-07-25,PROD98,5,335.45,Clothing
ORD000076,CUST133,2023-12-08,PROD74,8,343.44,Groceries
ORD000077,CUST64,2022-05-30,PROD37,6,273.49,Health & Beauty
ORD000078,CUST36,2022-05-07,PROD65,3,32.54,Electronics
ORD000079,CUST181,2023-01-10,PROD40,8,366.77,Groceries
ORD000080,CUST142,2024-08-18,PROD37,7,496.15,Health & Beauty
ORD000081,CUST28,2022-05-02,PROD52,9,105.58,Health & Beauty
ORD000082,CUST107,2023-03-26,PROD49,1,40.32,Electronics
ORD000083,CUST193,2022-10-15,PROD30,8,304.53,Electronics
ORD000084,CUST61,2022-10-14,PROD5,4,317.7,Health & Beauty
ORD000085,CUST154,2022-05-11,PROD87,1,130.2,Clothing
ORD000086,CUST54,2022-10-27,PROD24,8,6.52,Electronics
ORD000087,CUST25,2024-01-22,PROD75,4,344.95,Electronics
ORD000088,CUST155,2022-03-16,PROD9,5,481.76,Health & Beauty
ORD000089,CUST86,2024-09-06,PROD62,1,312.25,Groceries
ORD000090,CUST64,2024-01-07,PROD25,5,414.38,Home & Garden
ORD000091,CUST77,2022-04-13,PROD21,1,182.62,Clothing
ORD000092,CUST18,2023-02-19,PROD15,9,374.55,Groceries
ORD000093,CUST166,2024-04-26,PROD39,7,329.06,Groceries
ORD000094,CUST76,2022-01-09,PROD91,5,255.45,Clothing
ORD000095,CUST120,2024-06-30,PROD99,6,239.03,Groceries
ORD000096,CUST117,2024-03-09,PROD70,6,493.24,Health & Beauty
ORD000097,CUST146,2024-08-20,PROD4,7,48.84,Clothing
ORD000098,CUST141,2024-02-26,PROD43,2,426.6,Groceries
ORD000099,CUST15,2024-09-29,PROD98,4,182.56,Health & Beauty
ORD000100,CUST129,2022-10-15,PROD59,5,313.63,Clothing
ORD000101,CUST164,2022-10-28,PROD38,2,138.27,Groceries
ORD000102,CUST93,2023-06-22,PROD53,4,91.82,Clothing
ORD000103,CUST18,2022-07-07,PROD100,7,82.92,Electronics
ORD000104,CUST137,2024-05-11,PROD78,3,236.78,Clothing
ORD000105,CUST3,2022-11-06,PROD50,9,431.57,Home & Garden
ORD000106,CUST25,2023-06-11,PROD34,6,217.78,Groceries
ORD000107,CUST12,2022-02-15,PROD73,9,386.17,Health & Beauty
ORD000108,CUST71,2024-04-28,PROD28,6,432.01,Groceries
ORD000109,CUST101,2022-10-29,PROD72,8,31.75,Health & Beauty
ORD000110,CUST54,2023-09-30,PROD26,5,414.3,Home & Garden
ORD000111,CUST42,2023-02-19,PROD49,3,402.88,Health & Beauty
ORD000112,CUST110,2022-12-09,PROD79,8,473.46,Clothing
ORD000113,CUST4,2022-01-28,PROD93,9,70.8,Clothing
ORD000114,CUST106,2024-09-30,PROD49,8,185.36,Electronics
ORD000115,CUST83,2023-11-01,PROD1,4,367.74,Clothing
ORD000116,CUST110,2022-11-25,PROD26,7,118.08,Clothing
ORD000117,CUST103,2022-03-17,PROD87,3,115.27,Groceries
ORD000118,CUST152,2022-03-02,PROD47,4,144.04,Home & Garden
ORD000119,CUST77,2023-08-07,PROD50,4,137.09,Clothing
ORD000120,CUST30,2024-09-28,PROD35,9,114.46,Home & Garden
ORD000121,CUST5,2023-11-29,PROD81,6,23.0,Electronics
ORD000122,CUST6,2022-05-03,PROD27,3,499.86,Groceries
ORD000123,CUST178,2023-02-15,PROD45,3,157.67,Home & Garden
ORD000124,CUST178,2022-11-06,PROD84,6,169.91,Clothing
ORD000125,CUST144,2023-02-04,PROD71,7,210.78,Electronics
ORD000126,CUST121,2024-06-13,PROD45,9,164.6,Groceries
ORD000127,CUST162,2023-01-05,PROD73,1,432.46,Health & Beauty
ORD000128,CUST1,2024-01-04,PROD42,3,181.58,Clothing
ORD000129,CUST153,2022-01-01,PROD18,3,349.86,Electronics
ORD000130,CUST97,2024-01-08,PROD25,2,232.54,Health & Beauty
ORD000131,CUST42,2023-05-17,PROD42,6,414.98,Health & Beauty
ORD000132,CUST162,2023-08-31,PROD79,9,73.83,Clothing
ORD000133,CUST107,2023-01-12,PROD73,5,288.48,Clothing
ORD000134,CUST20,2023-03-15,PROD80,7,99.6,Health & Beauty
ORD000135,CUST136,2023-07-27,PROD52,5,313.07,Health & Beauty
ORD000136,CUST161,2022-08-25,PROD3,5,72.23,Groceries
ORD000137,CUST148,2024-01-04,PROD35,6,133.55,Home & Garden
ORD000138,CUST119,2022-01-09,PROD99,3,153.59,Electronics
ORD000139,CUST36,2024-09-05,PROD60,9,160.6,Groceries
ORD000140,CUST171,2023-04-07,PROD67,9,465.85,Clothing
ORD000141,CUST92,2024-08-22,PROD72,2,271.64,Home & Garden
ORD000142,CUST197,2022-12-30,PROD61,4,329.69,Groceries
ORD000143,CUST143,2022-10-31,PROD57,6,466.51,Clothing
ORD000144,CUST188,2022-12-14,PROD35,8,429.75,Electronics
ORD000145,CUST149,2024-09-06,PROD27,8,191.91,Home & Garden
ORD000146,CUST163,2023-11-30,PROD95,7,115.15,Groceries
ORD000147,CUST192,2023-05-30,PROD3,1,308.73,Groceries
ORD000148,CUST24,2022-11-04,PROD22,7,330.76,Clothing
ORD000149,CUST138,2022-01-17,PROD2,4,12.51,Home & Garden
ORD000150,CUST35,2022-07-19,PROD39,3,92.55,Groceries
ORD000151,CUST35,2023-08-04,PROD55,5,403.73,Home & Garden
ORD000152,CUST60,2023-08-24,PROD26,7,222.42,Electronics
ORD000153,CUST124,2024-08-23,PROD25,8,361.04,Home & Garden
ORD000154,CUST19,2023-01-14,PROD9,7,316.51,Health & Beauty
ORD000155,CUST83,2022-12-14,PROD96,5,309.33,Groceries
ORD000156,CUST165,2022-10-31,PROD12,5,394.89,Groceries
ORD000157,CUST83,2023-01-04,PROD90,1,135.81,Health & Beauty
ORD000158,CUST90,2023-04-07,PROD1,4,201.81,Groceries
ORD000159,CUST128,2022-04-01,PROD33,9,192.08,Health & Beauty
ORD000160,CUST48,2022-02-15,PROD25,5,288.1,Health & Beauty
ORD000161,CUST33,2024-09-05,PROD60,7,130.46,Health & Beauty
ORD000162,CUST25,2024-08-29,PROD7,2,23.2,Home & Garden
ORD000163,CUST15,2024-09-18,PROD23,6,156.0,Electronics
ORD000164,CUST164,2023-12-31,PROD9,2,257.05,Electronics
ORD000165,CUST146,2022-07-09,PROD54,9,45.71,Clothing
ORD000166,CUST173,2023-12-30,PROD29,4,244.19,Electronics
ORD000167,CUST154,2024-08-13,PROD85,2,83.62,Groceries
ORD000168,CUST39,2023-07-21,PROD5,6,163.3,Home & Garden
ORD000169,CUST89,2023-06-20,PROD63,2,133.1,Clothing
ORD000170,CUST133,2024-08-03,PROD43,3,459.29,Clothing
ORD000171,CUST53,2024-01-19,PROD30,7,59.65,Groceries
ORD000172,CUST57,2024-02-21,PROD73,3,216.39,Groceries
ORD000173,CUST70,2023-07-09,PROD5,7,195.25,Clothing
ORD000174,CUST178,2023-02-28,PROD43,8,140.79,Health & Beauty
ORD000175,CUST129,2022-01-29,PROD59,4,68.34,Electronics
ORD000176,CUST185,2022-07-07,PROD47,7,42.14,Home & Garden
ORD000177,CUST169,2023-07-27,PROD43,9,454.75,Health & Beauty
ORD000178,CUST190,2022-09-03,PROD98,6,205.97,Health & Beauty
ORD000179,CUST52,2023-01-30,PROD82,4,337.38,Health & Beauty
ORD000180,CUST17,2023-01-21,PROD97,8,499.21,Home & Garden
ORD000181,CUST134,2022-09-06,PROD85,8,138.0,Electronics
ORD000182,CUST20,2024-06-22,PROD81,9,242.33,Home & Garden
ORD000183,CUST102,2022-01-02,PROD72,7,19.76,Groceries
ORD000184,CUST170,2023-07-27,PROD40,8,445.66,Health & Beauty
ORD000185,CUST45,2024-01-08,PROD30,3,481.14,Clothing
ORD000186,CUST188,2023-04-08,PROD78,5,344.77,Electronics
ORD000187,CUST39,2024-02-18,PROD92,3,317.16,Clothing
ORD000188,CUST81,2023-05-13,PROD22,2,294.46,Electronics
ORD000189,CUST145,2023-08-08,PROD63,7,306.26,Electronics
ORD000190,CUST9,2022-04-14,PROD42,4,247.66,Electronics
ORD000191,CUST129,2024-08-09,PROD80,8,427.28,Groceries
ORD000192,CUST72,2023-12-11,PROD56,2,263.43,Groceries
ORD000193,CUST178,2024-08-03,PROD81,9,450.19,Home & Garden
ORD000194,CUST105,2023-08-15,PROD95,5,120.88,Groceries
ORD000195,CUST169,2023-01-19,PROD50,7,313.93,Electronics
ORD000196,CUST146,2023-12-10,PROD41,5,96.83,Home & Garden
ORD000197,CUST70,2023-12-30,PROD4,5,411.67,Electronics
ORD000198,CUST66,2023-03-21,PROD81,9,345.37,Clothing
ORD000199,CUST166,2022-03-25,PROD46,4,373.82,Health & Beauty
ORD000200,CUST79,2023-11-12,PROD1,4,331.58,Electronics
ORD000201,CUST120,2023-10-18,PROD43,9,291.87,Health & Beauty
ORD000202,CUST66,2022-03-30,PROD81,4,215.72,Groceries
ORD000203,CUST142,2022-11-25,PROD28,8,257.38,Groceries
ORD000204,CUST29,2024-02-11,PROD42,2,330.77,Groceries
ORD000205,CUST79,2022-02-22,PROD86,3,113.98,Health & Beauty
ORD000206,CUST86,2022-10-11,PROD62,5,13.29,Electronics
ORD000207,CUST46,2022-10-11,PROD99,1,453.35,Health & Beauty
ORD000208,CUST2,2024-09-10,PROD65,3,172.83,Clothing
ORD000209,CUST138,2022-06-20,PROD71,6,65.68,Home & Garden
ORD000210,CUST47,2022-09-03,PROD92,4,78.01,Groceries
ORD000211,CUST19,2023-07-06,PROD10,4,340.14,Electronics
ORD000212,CUST1,2023-07-08,PROD38,6,45.85,Health & Beauty
ORD000213,CUST109,2022-06-20,PROD44,6,315.06,Home & Garden
ORD000214,CUST120,2024-06-18,PROD81,5,349.93,Home & Garden
ORD000215,CUST54,2023-03-26,PROD66,4,395.71,Home & Garden
ORD000216,CUST146,2024-06-06,PROD85,5,223.04,Home & Garden
ORD000217,CUST103,2023-06-18,PROD87,4,328.54,Health & Beauty
ORD000218,CUST31,2023-08-06,PROD23,4,206.5,Clothing
ORD000219,CUST179,2023-01-20,PROD15,2,402.57,Groceries
ORD000220,CUST138,2023-08-09,PROD3,3,186.66,Health & Beauty
ORD000221,CUST40,2023-12-31,PROD98,5,372.11,Health & Beauty
ORD000222,CUST164,2024-09-07,PROD29,5,166.61,Home & Garden
ORD000223,CUST36,2024-08-23,PROD81,5,315.43,Groceries
ORD000224,CUST177,2023-09-12,PROD81,4,226.02,Health & Beauty
ORD000225,CUST50,2022-11-18,PROD36,6,11.83,Health & Beauty
ORD000226,CUST146,2023-08-12,PROD88,4,142.59,Health & Beauty
ORD000227,CUST51,2024-04-30,PROD15,3,255.74,Health & Beauty
ORD000228,CUST88,2022-07-23,PROD72,2,92.04,Electronics
ORD000229,CUST110,2024-05-03,PROD15,2,421.96,Clothing
ORD000230,CUST168,2023-09-25,PROD98,6,98.17,Home & Garden
ORD000231,CUST193,2023-12-15,PROD38,1,83.96,Groceries
ORD000232,CUST116,2023-11-16,PROD78,9,441.73,Electronics
ORD000233,CUST151,2023-04-16,PROD11,7,372.93,Groceries
ORD000234,CUST124,2023-02-03,PROD21,9,442.08,Clothing
ORD000235,CUST181,2023-07-03,PROD89,2,202.85,Clothing
ORD000236,CUST118,2022-04-24,PROD43,2,457.26,Groceries
ORD000237,CUST109,2024-04-20,PROD82,4,306.16,Groceries
ORD000238,CUST85,2022-01-02,PROD70,5,216.28,Health & Beauty
ORD000239,CUST133,2022-07-09,PROD38,8,317.79,Home & Garden
ORD000240,CUST130,2024-05-27,PROD84,2,62.31,Groceries
ORD000241,CUST1,2022-04-19,PROD33,8,133.99,Groceries
ORD000242,CUST72,2022-06-16,PROD22,1,370.47,Electronics
ORD000243,CUST135,2023-12-08,PROD49,3,91.26,Groceries
ORD000244,CUST122,2022-10-29,PROD23,1,415.8,Health & Beauty
ORD000245,CUST38,2022-04-14,PROD34,9,376.08,Health & Beauty
ORD000246,CUST114,2022-03-13,PROD33,9,340.02,Electronics
ORD000247,CUST72,2023-11-12,PROD63,9,206.44,Home & Garden
ORD000248,CUST6,2022-05-26,PROD53,3,73.28,Health & Beauty
ORD000249,CUST80,2023-11-27,PROD61,3,318.65,Health & Beauty
ORD000250,CUST112,2023-10-25,PROD88,6,40.47,Health & Beauty
ORD000251,CUST122,2024-05-13,PROD88,8,21.07,Groceries
ORD000252,CUST8,2024-04-15,PROD31,1,146.3,Clothing
ORD000253,CUST148,2024-01-21,PROD88,3,303.06,Health & Beauty
ORD000254,CUST25,2022-01-18,PROD69,1,342.83,Groceries
ORD000255,CUST98,2024-07-04,PROD65,3,300.3,Health & Beauty
ORD000256,CUST156,2023-04-20,PROD3,6,321.62,Health & Beauty
ORD000257,CUST82,2023-01-26,PROD59,7,454.22,Clothing
ORD000258,CUST198,2024-04-01,PROD43,4,194.16,Electronics
ORD000259,CUST13,2022-09-06,PROD44,2,450.13,Home & Garden
ORD000260,CUST195,2024-07-19,PROD64,6,497.1,Clothing
ORD000261,CUST163,2022-03-27,PROD55,2,171.91,Health & Beauty
ORD000262,CUST162,2024-04-03,PROD6,9,278.9,Home & Garden
ORD000263,CUST143,2023-10-08,PROD55,5,462.67,Health & Beauty
ORD000264,CUST115,2023-01-30,PROD84,1,230.88,Home & Garden
ORD000265,CUST104,2023-12-30,PROD60,2,466.23,Home & Garden
ORD000266,CUST125,2024-02-27,PROD9,2,437.99,Home & Garden
ORD000267,CUST128,2022-07-07,PROD72,2,267.07,Clothing
ORD000268,CUST100,2023-03-04,PROD33,5,295.11,Clothing
ORD000269,CUST99,2022-09-08,PROD77,2,62.85,Clothing
ORD000270,CUST106,2023-03-20,PROD42,6,391.73,Home & Garden
ORD000271,CUST5,2023-10-11,PROD71,7,447.33,Health & Beauty
ORD000272,CUST25,2023-07-15,PROD58,3,397.31,Clothing
ORD000273,CUST96,2022-04-15,PROD54,5,313.05,Groceries
ORD000274,CUST86,2022-05-15,PROD27,7,316.67,Clothing
ORD000275,CUST43,2023-11-03,PROD65,3,30.68,Home & Garden
ORD000276,CUST116,2024-03-03,PROD4,5,106.88,Electronics
ORD000277,CUST97,2024-07-01,PROD18,6,461.42,Health & Beauty
ORD000278,CUST54,2024-01-24,PROD37,3,214.37,Electronics
ORD000279,CUST155,2024-01-11,PROD14,1,141.8,Home & Garden
ORD000280,CUST82,2023-07-05,PROD43,4,200.67,Home & Garden
ORD000281,CUST175,2022-02-10,PROD71,8,229.02,Home & Garden
ORD000282,CUST135,2022-05-05,PROD58,8,313.12,Health & Beauty
ORD000283,CUST156,2022-06-21,PROD79,9,459.35,Health & Beauty
ORD000284,CUST86,2024-08-17,PROD35,5,360.56,Electronics
ORD000285,CUST195,2022-08-28,PROD15,1,53.54,Home & Garden
ORD000286,CUST160,2024-05-30,PROD62,9,358.62,Clothing
ORD000287,CUST50,2022-03-22,PROD93,2,174.96,Health & Beauty
ORD000288,CUST109,2022-10-20,PROD56,2,194.18,Electronics
ORD000289,CUST141,2023-02-17,PROD80,5,410.94,Home & Garden
ORD000290,CUST96,2022-10-17,PROD59,3,481.77,Electronics
ORD000291,CUST101,2022-05-27,PROD57,5,448.0,Health & Beauty
ORD000292,CUST103,2022-02-03,PROD30,5,331.94,Health & Beauty
ORD000293,CUST96,2022-01-12,PROD64,6,71.12,Groceries
ORD000294,CUST111,2022-12-07,PROD52,6,492.9,Home & Garden
ORD000295,CUST133,2022-04-03,PROD9,7,437.07,Electronics
ORD000296,CUST137,2022-09-14,PROD83,1,247.8,Clothing
ORD000297,CUST111,2024-05-08,PROD2,1,259.68,Groceries
ORD000298,CUST19,2024-02-25,PROD59,7,46.55,Health & Beauty
ORD000299,CUST194,2023-07-27,PROD78,5,12.96,Health & Beauty
ORD000300,CUST34,2022-02-24,PROD57,1,336.17,Home & Garden
ORD000301,CUST89,2023-09-30,PROD56,1,137.95,Electronics
ORD000302,CUST158,2023-07-28,PROD2,9,271.8,Clothing
ORD000303,CUST90,2023-01-05,PROD45,4,336.9,Clothing
ORD000304,CUST190,2023-07-01,PROD27,9,395.08,Home & Garden
ORD000305,CUST71,2022-10-04,PROD13,2,270.68,Health & Beauty
ORD000306,CUST138,2022-05-08,PROD74,7,457.26,Home & Garden
ORD000307,CUST39,2023-01-28,PROD97,3,150.41,Home & Garden
ORD000308,CUST152,2022-08-13,PROD1,1,419.15,Groceries
ORD000309,CUST95,2022-01-01,PROD20,3,48.9,Home & Garden
ORD000310,CUST36,2022-12-30,PROD87,9,136.38,Groceries
ORD000311,CUST32,2023-03-20,PROD32,3,477.42,Electronics
ORD000312,CUST200,2024-03-13,PROD99,3,443.58,Home & Garden
ORD000313,CUST115,2024-02-22,PROD16,7,473.69,Clothing
ORD000314,CUST55,2024-03-02,PROD64,4,356.71,Electronics
ORD000315,CUST29,2024-05-10,PROD82,5,81.13,Health & Beauty
ORD000316,CUST153,2022-05-05,PROD57,2,251.83,Health & Beauty
ORD000317,CUST186,2023-01-15,PROD86,8,53.45,Groceries
ORD000318,CUST32,2024-07-30,PROD13,1,194.61,Electronics
ORD000319,CUST129,2023-09-13,PROD4,3,393.27,Clothing
ORD000320,CUST27,2024-09-04,PROD77,8,410.49,Clothing
ORD000321,CUST98,2023-08-15,PROD25,9,423.68,Groceries
ORD000322,CUST60,2024-07-30,PROD28,3,350.47,Home & Garden
ORD000323,CUST14,2024-09-05,PROD80,8,245.78,Health & Beauty
ORD000324,CUST140,2023-11-02,PROD3,5,392.51,Clothing
ORD000325,CUST96,2022-05-08,PROD19,4,238.41,Clothing
ORD000326,CUST110,2023-03-06,PROD92,2,201.83,Groceries
ORD000327,CUST87,2023-06-25,PROD33,2,226.58,Home & Garden
ORD000328,CUST24,2022-04-24,PROD20,6,377.16,Clothing
ORD000329,CUST198,2024-04-04,PROD94,8,238.15,Clothing
ORD000330,CUST193,2022-12-22,PROD55,7,6.18,Groceries
ORD000331,CUST41,2023-03-31,PROD59,8,44.24,Groceries
ORD000332,CUST161,2023-08-13,PROD80,7,264.45,Clothing
ORD000333,CUST79,2022-09-15,PROD64,7,319.78,Electronics
ORD000334,CUST72,2024-06-04,PROD78,2,82.06,Electronics
ORD000335,CUST125,2023-05-21,PROD67,9,113.69,Electronics
ORD000336,CUST129,2023-12-25,PROD64,6,148.8,Home & Garden
ORD000337,CUST116,2022-07-25,PROD2,2,405.07,Health & Beauty
ORD000338,CUST189,2023-01-27,PROD59,6,24.11,Clothing
ORD000339,CUST39,2022-03-03,PROD20,9,104.14,Health & Beauty
ORD000340,CUST152,2023-04-01,PROD45,2,279.79,Electronics
ORD000341,CUST197,2024-08-13,PROD47,2,352.24,Health & Beauty
ORD000342,CUST34,2023-09-08,PROD6,4,263.83,Home & Garden
ORD000343,CUST135,2023-11-14,PROD29,4,120.94,Home & Garden
ORD000344,CUST81,2024-09-07,PROD38,6,318.26,Groceries
ORD000345,CUST71,2023-03-21,PROD8,7,367.3,Clothing
ORD000346,CUST88,2022-11-15,PROD14,9,460.6,Clothing
ORD000347,CUST48,2022-09-06,PROD54,7,83.88,Electronics
ORD000348,CUST178,2024-05-23,PROD28,4,445.67,Home & Garden
ORD000349,CUST75,2023-04-28,PROD95,8,77.31,Electronics
ORD000350,CUST173,2023-10-06,PROD96,4,55.76,Health & Beauty
ORD000351,CUST1,2024-09-27,PROD65,9,262.29,Groceries
ORD000352,CUST128,2022-06-29,PROD82,5,110.39,Health & Beauty
ORD000353,CUST108,2023-03-11,PROD60,3,218.33,Home & Garden
ORD000354,CUST174,2022-10-08,PROD90,8,189.59,Electronics
ORD000355,CUST38,2022-12-22,PROD56,9,225.24,Clothing
ORD000356,CUST186,2023-09-03,PROD46,8,167.5,Clothing
ORD000357,CUST196,2023-05-12,PROD51,4,205.68,Home & Garden
ORD000358,CUST16,2023-06-14,PROD43,1,102.08,Groceries
ORD000359,CUST123,2022-12-02,PROD40,2,294.7,Electronics
ORD000360,CUST63,2023-05-03,PROD83,3,82.04,Electronics
ORD000361,CUST177,2024-04-13,PROD5,8,52.63,Electronics
ORD000362,CUST39,2023-08-13,PROD96,9,264.33,Groceries
ORD000363,CUST67,2023-11-23,PROD20,3,223.3,Clothing
ORD000364,CUST64,2022-07-14,PROD89,7,148.0,Health & Beauty
ORD000365,CUST175,2023-03-01,PROD35,1,297.09,Home & Garden
ORD000366,CUST10,2023-11-29,PROD34,6,241.39,Clothing
ORD000367,CUST94,2023-08-11,PROD15,8,173.07,Home & Garden
ORD000368,CUST193,2023-09-30,PROD90,3,32.49,Clothing
ORD000369,CUST109,2024-08-18,PROD73,8,413.46,Clothing
ORD000370,CUST44,2022-06-12,PROD91,2,384.38,Clothing
ORD000371,CUST94,2024-06-14,PROD78,5,425.58,Health & Beauty
ORD000372,CUST97,2024-01-29,PROD18,4,9.61,Groceries
ORD000373,CUST16,2022-02-01,PROD96,4,167.35,Home & Garden
ORD000374,CUST148,2023-09-16,PROD88,8,101.99,Electronics
ORD000375,CUST12,2023-06-03,PROD44,2,361.97,Health & Beauty
ORD000376,CUST110,2024-08-29,PROD3,1,83.47,Electronics
ORD000377,CUST199,2023-12-14,PROD17,2,226.22,Electronics
ORD000378,CUST197,2024-05-20,PROD98,4,450.54,Electronics
ORD000379,CUST59,2022-01-20,PROD82,6,83.54,Groceries
ORD000380,CUST52,2022-01-05,PROD83,8,202.48,Health & Beauty
ORD000381,CUST90,2023-02-07,PROD86,5,152.18,Clothing
ORD000382,CUST18,2023-11-14,PROD14,5,401.97,Clothing
ORD000383,CUST68,2023-06-26,PROD98,1,486.24,Home & Garden
ORD000384,CUST84,2022-01-27,PROD91,4,173.11,Groceries
ORD000385,CUST21,2022-05-20,PROD70,3,412.3,Health & Beauty
ORD000386,CUST26,2023-06-07,PROD48,2,148.38,Home & Garden
ORD000387,CUST53,2023-08-12,PROD48,2,66.43,Clothing
ORD000388,CUST96,2022-03-20,PROD26,1,497.98,Home & Garden
ORD000389,CUST40,2022-02-04,PROD80,1,395.61,Home & Garden
ORD000390,CUST17,2022-10-23,PROD27,1,76.52,Groceries
ORD000391,CUST6,2022-12-07,PROD14,2,61.61,Home & Garden
ORD000392,CUST20,2022-03-04,PROD93,3,166.65,Groceries
ORD000393,CUST25,2022-06-17,PROD91,7,388.65,Clothing
ORD000394,CUST99,2022-11-19,PROD15,9,361.69,Groceries
ORD000395,CUST109,2022-10-04,PROD26,2,133.93,Home & Garden
ORD000396,CUST130,2024-01-17,PROD26,6,390.89,Health & Beauty
ORD000397,CUST82,2023-09-29,PROD74,6,109.44,Home & Garden
ORD000398,CUST198,2022-07-31,PROD29,9,189.12,Groceries
ORD000399,CUST43,2022-06-02,PROD19,8,375.23,Clothing
ORD000400,CUST75,2022-03-23,PROD37,4,434.72,Health & Beauty
ORD000401,CUST192,2022-07-17,PROD59,4,302.04,Clothing
ORD000402,CUST44,2022-04-25,PROD44,3,460.34,Clothing
ORD000403,CUST199,2024-05-27,PROD54,7,288.3,Clothing
ORD000404,CUST4,2023-01-15,PROD88,3,225.81,Groceries
ORD000405,CUST87,2024-03-12,PROD77,7,356.56,Health & Beauty
ORD000406,CUST169,2022-02-04,PROD56,9,334.35,Home & Garden
ORD000407,CUST5,2024-08-06,PROD63,7,331.93,Groceries
ORD000408,CUST182,2023-05-22,PROD8,2,55.76,Home & Garden
ORD000409,CUST161,2024-08-02,PROD49,2,392.3,Electronics
ORD000410,CUST131,2023-11-29,PROD70,5,430.45,Groceries
ORD000411,CUST33,2023-04-02,PROD78,8,222.21,Health & Beauty
ORD000412,CUST25,2022-10-06,PROD4,5,255.39,Electronics
ORD000413,CUST69,2023-02-12,PROD29,5,190.27,Clothing
ORD000414,CUST51,2023-01-10,PROD90,2,137.84,Groceries
ORD000415,CUST122,2023-02-10,PROD90,9,211.32,Groceries
ORD000416,CUST71,2024-07-24,PROD17,2,446.92,Clothing
ORD000417,CUST104,2024-09-24,PROD42,9,130.1,Clothing
ORD000418,CUST74,2023-10-21,PROD72,4,452.14,Electronics
ORD000419,CUST73,2024-05-26,PROD45,5,418.06,Electronics
ORD000420,CUST196,2023-12-21,PROD31,1,470.71,Health & Beauty
ORD000421,CUST164,2022-04-04,PROD92,3,216.56,Health & Beauty
ORD000422,CUST116,2024-07-11,PROD27,1,227.3,Clothing
ORD000423,CUST111,2022-07-19,PROD80,4,237.43,Electronics
ORD000424,CUST163,2022-06-05,PROD58,7,464.57,Electronics
ORD000425,CUST177,2022-07-18,PROD18,3,216.93,Electronics
ORD000426,CUST8,2022-11-24,PROD82,4,129.41,Electronics
ORD000427,CUST117,2024-03-01,PROD44,8,82.86,Electronics
ORD000428,CUST179,2022-07-01,PROD77,5,404.76,Clothing
ORD000429,CUST115,2023-07-11,PROD84,7,464.52,Health & Beauty
ORD000430,CUST119,2022-02-18,PROD23,5,231.51,Groceries
ORD000431,CUST97,2024-05-08,PROD91,1,27.12,Electronics
ORD000432,CUST20,2024-08-14,PROD58,2,417.28,Electronics
ORD000433,CUST99,2023-01-26,PROD41,6,113.99,Health & Beauty
ORD000434,CUST100,2023-03-24,PROD48,2,171.69,Electronics
ORD000435,CUST175,2022-12-23,PROD56,3,279.04,Electronics
ORD000436,CUST73,2023-02-08,PROD70,7,293.36,Electronics
ORD000437,CUST93,2022-05-09,PROD96,9,204.83,Clothing
ORD000438,CUST138,2024-09-25,PROD73,9,396.88,Home & Garden
ORD000439,CUST65,2022-09-07,PROD29,2,68.77,Groceries
ORD000440,CUST100,2022-06-16,PROD32,2,481.71,Electronics
ORD000441,CUST200,2024-06-16,PROD15,1,159.98,Electronics
ORD000442,CUST15,2023-08-07,PROD20,1,321.78,Electronics
ORD000443,CUST53,2024-09-10,PROD89,9,285.29,Electronics
ORD000444,CUST10,2022-11-28,PROD58,5,39.68,Groceries
ORD000445,CUST164,2022-09-27,PROD85,5,340.02,Home & Garden
ORD000446,CUST122,2023-06-11,PROD6,7,294.52,Groceries
ORD000447,CUST43,2023-10-18,PROD49,7,89.3,Electronics
ORD000448,CUST115,2022-09-25,PROD58,9,94.11,Electronics
ORD000449,CUST98,2023-05-05,PROD60,3,422.05,Health & Beauty
ORD000450,CUST31,2023-12-04,PROD47,6,385.13,Home & Garden
ORD000451,CUST200,2024-07-14,PROD23,4,490.65,Groceries
ORD000452,CUST25,2023-11-11,PROD32,5,56.79,Home & Garden
ORD000453,CUST164,2023-06-07,PROD16,3,39.22,Health & Beauty
ORD000454,CUST184,2022-12-17,PROD73,1,108.32,Clothing
ORD000455,CUST19,2022-09-27,PROD30,1,304.07,Health & Beauty
ORD000456,CUST78,2023-10-04,PROD86,9,154.33,Clothing
ORD000457,CUST74,2022-08-26,PROD82,5,334.05,Clothing
ORD000458,CUST179,2024-04-09,PROD98,3,39.74,Clothing
ORD000459,CUST199,2024-02-17,PROD41,1,34.97,Home & Garden
ORD000460,CUST91,2022-06-16,PROD87,3,469.98,Clothing
ORD000461,CUST161,2023-12-22,PROD87,9,140.55,Home & Garden
ORD000462,CUST47,2024-05-20,PROD24,4,35.12,Home & Garden
ORD000463,CUST112,2023-10-28,PROD81,9,393.85,Groceries
ORD000464,CUST30,2022-06-20,PROD84,9,371.28,Groceries
ORD000465,CUST31,2023-01-04,PROD2,8,111.87,Home & Garden
ORD000466,CUST127,2024-06-26,PROD53,9,65.68,Clothing
ORD000467,CUST189,2024-04-22,PROD13,8,28.9,Home & Garden
ORD000468,CUST9,2024-03-17,PROD50,1,407.82,Clothing
ORD000469,CUST13,2023-07-07,PROD89,2,285.59,Electronics
ORD000470,CUST100,2022-02-28,PROD93,2,347.74,Health & Beauty
ORD000471,CUST110,2023-10-19,PROD71,7,218.55,Clothing
ORD000472,CUST77,2023-08-26,PROD31,5,428.23,Electronics
ORD000473,CUST87,2024-01-13,PROD67,2,215.12,Health & Beauty
ORD000474,CUST158,2024-09-04,PROD85,3,97.7,Electronics
ORD000475,CUST39,2023-08-31,PROD33,3,76.31,Home & Garden
ORD000476,CUST6,2023-04-29,PROD2,5,141.95,Health & Beauty
ORD000477,CUST78,2022-10-15,PROD23,3,17.15,Electronics
ORD000478,CUST116,2023-12-03,PROD16,7,145.15,Electronics
ORD000479,CUST187,2022-01-11,PROD37,1,26.53,Clothing
ORD000480,CUST140,2023-06-28,PROD88,6,264.62,Clothing
ORD000481,CUST121,2022-08-21,PROD95,4,135.28,Groceries
ORD000482,CUST179,2022-06-07,PROD71,6,89.02,Electronics
ORD000483,CUST22,2022-09-10,PROD57,2,350.63,Electronics
ORD000484,CUST110,2024-08-15,PROD50,5,193.07,Home & Garden
ORD000485,CUST117,2022-06-21,PROD98,5,466.56,Home & Garden
ORD000486,CUST133,2022-04-23,PROD90,6,131.85,Groceries
ORD000487,CUST155,2023-12-01,PROD16,3,57.29,Health & Beauty
ORD000488,CUST105,2024-03-14,PROD50,5,248.36,Electronics
ORD000489,CUST112,2023-10-12,PROD10,4,202.13,Health & Beauty
ORD000490,CUST176,2023-05-25,PROD66,2,71.77,Clothing
ORD000491,CUST163,2022-06-04,PROD64,4,184.5,Groceries
ORD000492,CUST66,2024-02-23,PROD21,8,46.99,Home & Garden
ORD000493,CUST124,2023-10-03,PROD46,9,128.4,Electronics
ORD000494,CUST90,2023-11-29,PROD83,4,20.42,Health & Beauty
ORD000495,CUST75,2024-04-09,PROD100,9,307.62,Home & Garden
ORD000496,CUST141,2023-03-19,PROD36,7,331.05,Health & Beauty
ORD000497,CUST156,2022-10-13,PROD25,7,302.69,Clothing
ORD000498,CUST9,2024-01-05,PROD24,6,197.9,Groceries
ORD000499,CUST89,2022-10-13,PROD17,8,437.1,Health & Beauty
ORD000500,CUST135,2023-09-26,PROD56,9,194.04,Health & Beauty
ORD000501,CUST106,2022-03-16,PROD47,1,474.51,Electronics
ORD000502,CUST8,2023-04-12,PROD34,6,334.7,Groceries
ORD000503,CUST147,2023-04-29,PROD84,9,53.84,Home & Garden
ORD000504,CUST106,2022-11-05,PROD54,8,56.52,Home & Garden
ORD000505,CUST119,2022-11-28,PROD17,6,388.8,Clothing
ORD000506,CUST169,2023-05-18,PROD83,3,265.78,Groceries
ORD000507,CUST75,2024-06-29,PROD19,9,400.74,Groceries
ORD000508,CUST86,2023-08-27,PROD32,7,270.86,Health & Beauty
ORD000509,CUST75,2023-09-03,PROD59,9,321.09,Health & Beauty
ORD000510,CUST136,2024-04-06,PROD93,5,350.88,Groceries
ORD000511,CUST58,2022-09-02,PROD95,7,197.04,Groceries
ORD000512,CUST111,2023-01-11,PROD53,3,298.31,Health & Beauty
ORD000513,CUST87,2022-12-06,PROD62,9,311.24,Groceries
ORD000514,CUST44,2022-12-16,PROD56,4,435.04,Groceries
ORD000515,CUST48,2023-05-01,PROD5,8,316.4,Groceries
ORD000516,CUST135,2023-12-26,PROD80,3,334.24,Electronics
ORD000517,CUST137,2023-06-25,PROD76,4,254.53,Groceries
ORD000518,CUST128,2022-09-12,PROD38,8,364.9,Groceries
ORD000519,CUST131,2022-04-22,PROD51,1,73.0,Clothing
ORD000520,CUST128,2022-04-03,PROD66,6,150.4,Clothing
ORD000521,CUST171,2022-02-01,PROD35,6,175.82,Home & Garden
ORD000522,CUST78,2023-03-17,PROD43,8,392.89,Home & Garden
ORD000523,CUST84,2022-03-30,PROD43,7,174.89,Health & Beauty
ORD000524,CUST107,2024-08-16,PROD47,2,222.76,Home & Garden
ORD000525,CUST150,2023-05-10,PROD50,7,299.56,Electronics
ORD000526,CUST81,2022-09-11,PROD81,8,415.81,Health & Beauty
ORD000527,CUST198,2023-03-10,PROD94,3,15.13,Electronics
ORD000528,CUST193,2024-05-26,PROD51,5,222.87,Electronics
ORD000529,CUST184,2023-09-11,PROD53,6,47.95,Clothing
ORD000530,CUST111,2023-12-26,PROD5,5,330.72,Clothing
ORD000531,CUST107,2022-02-13,PROD32,4,344.26,Health & Beauty
ORD000532,CUST82,2024-01-16,PROD64,6,238.19,Groceries
ORD000533,CUST2,2024-01-23,PROD66,1,357.65,Electronics
ORD000534,CUST181,2023-08-02,PROD95,4,267.67,Clothing
ORD000535,CUST79,2023-12-29,PROD7,6,283.61,Electronics
ORD000536,CUST165,2023-06-08,PROD26,3,404.3,Clothing
ORD000537,CUST20,2024-01-07,PROD60,9,377.15,Groceries
ORD000538,CUST12,2023-09-11,PROD75,4,52.12,Groceries
ORD000539,CUST142,2023-10-02,PROD29,3,483.63,Health & Beauty
ORD000540,CUST59,2023-12-16,PROD40,8,44.05,Health & Beauty
ORD000541,CUST52,2023-01-25,PROD70,5,65.35,Health & Beauty
ORD000542,CUST154,2022-03-13,PROD64,1,474.26,Home & Garden
ORD000543,CUST23,2022-07-01,PROD5,7,90.93,Clothing
ORD000544,CUST94,2022-08-09,PROD87,8,257.24,Clothing
ORD000545,CUST113,2023-04-02,PROD75,2,129.95,Electronics
ORD000546,CUST189,2024-08-08,PROD47,2,112.26,Groceries
ORD000547,CUST18,2023-11-08,PROD95,7,468.08,Clothing
ORD000548,CUST60,2024-08-13,PROD91,5,116.99,Home & Garden
ORD000549,CUST186,2024-09-12,PROD88,8,376.74,Groceries
ORD000550,CUST120,2023-11-15,PROD72,7,431.76,Groceries
ORD000551,CUST19,2022-04-18,PROD18,3,284.88,Groceries
ORD000552,CUST43,2023-10-11,PROD39,1,257.91,Clothing
ORD000553,CUST152,2022-03-28,PROD46,6,34.29,Health & Beauty
ORD000554,CUST185,2024-02-26,PROD68,4,397.68,Clothing
ORD000555,CUST101,2024-03-03,PROD19,4,291.55,Clothing
ORD000556,CUST10,2023-06-25,PROD78,6,293.35,Electronics
ORD000557,CUST172,2024-06-27,PROD35,2,188.7,Clothing
ORD000558,CUST25,2024-03-17,PROD29,8,479.94,Groceries
ORD000559,CUST147,2022-08-04,PROD42,2,400.73,Clothing
ORD000560,CUST133,2024-04-25,PROD57,9,180.21,Electronics
ORD000561,CUST101,2023-02-09,PROD86,6,209.28,Electronics
ORD000562,CUST174,2022-02-09,PROD67,1,444.21,Electronics
ORD000563,CUST121,2024-07-16,PROD14,5,450.48,Health & Beauty
ORD000564,CUST5,2023-11-15,PROD47,3,149.96,Home & Garden
ORD000565,CUST34,2023-05-31,PROD23,7,403.14,Electronics
ORD000566,CUST155,2024-05-10,PROD24,3,393.3,Home & Garden
ORD000567,CUST86,2023-02-22,PROD56,9,300.4,Home & Garden
ORD000568,CUST170,2022-01-13,PROD84,7,80.15,Home & Garden
ORD000569,CUST133,2022-07-03,PROD36,6,230.05,Groceries
ORD000570,CUST197,2022-04-18,PROD24,7,464.1,Electronics
ORD000571,CUST77,2024-01-01,PROD31,9,179.03,Health & Beauty
ORD000572,CUST171,2023-08-14,PROD44,4,314.56,Clothing
ORD000573,CUST107,2022-09-07,PROD39,3,65.27,Clothing
ORD000574,CUST24,2023-06-14,PROD18,4,122.86,Clothing
ORD000575,CUST39,2024-07-19,PROD30,9,238.46,Home & Garden
ORD000576,CUST22,2022-05-23,PROD84,2,398.02,Clothing
ORD000577,CUST79,2023-11-30,PROD79,1,330.84,Groceries
ORD000578,CUST194,2023-08-08,PROD41,9,229.44,Groceries
ORD000579,CUST44,2023-01-02,PROD35,5,292.05,Electronics
ORD000580,CUST21,2022-07-18,PROD41,8,203.67,Clothing
ORD000581,CUST40,2023-06-11,PROD44,3,105.65,Health & Beauty
ORD000582,CUST2,2023-08-23,PROD81,8,498.93,Groceries
ORD000583,CUST145,2024-02-18,PROD68,3,356.8,Electronics
ORD000584,CUST178,2024-05-29,PROD83,1,252.74,Clothing
ORD000585,CUST153,2022-07-25,PROD91,2,66.04,Clothing
ORD000586,CUST11,2022-04-17,PROD52,3,491.91,Electronics
ORD000587,CUST90,2023-12-02,PROD75,7,64.33,Home & Garden
ORD000588,CUST48,2024-03-29,PROD14,9,219.62,Electronics
ORD000589,CUST88,2023-01-17,PROD76,3,92.15,Clothing
ORD000590,CUST172,2022-11-17,PROD93,3,97.86,Home & Garden
ORD000591,CUST94,2023-10-09,PROD93,5,66.08,Health & Beauty
ORD000592,CUST21,2022-01-03,PROD67,8,385.45,Health & Beauty
ORD000593,CUST15,2022-07-17,PROD1,2,395.71,Electronics
ORD000594,CUST61,2024-03-13,PROD85,8,69.28,Home & Garden
ORD000595,CUST140,2022-12-18,PROD15,1,268.41,Groceries
ORD000596,CUST147,2023-11-26,PROD12,3,160.2,Groceries
ORD000597,CUST63,2023-06-23,PROD85,8,406.39,Clothing
ORD000598,CUST41,2023-07-25,PROD21,3,272.16,Groceries
ORD000599,CUST196,2023-04-12,PROD95,3,51.54,Clothing
ORD000600,CUST6,2022-03-19,PROD4,5,412.06,Home & Garden
ORD000601,CUST74,2023-10-20,PROD93,1,286.96,Electronics
ORD000602,CUST62,2023-10-06,PROD77,2,366.3,Electronics
ORD000603,CUST82,2024-01-12,PROD81,5,206.3,Home & Garden
ORD000604,CUST182,2023-03-25,PROD32,5,63.41,Health & Beauty
ORD000605,CUST42,2024-08-30,PROD66,7,178.05,Electronics
ORD000606,CUST20,2022-04-29,PROD76,1,269.35,Electronics
ORD000607,CUST18,2024-05-03,PROD60,1,206.12,Clothing
ORD000608,CUST77,2022-08-22,PROD1,7,401.98,Groceries
ORD000609,CUST130,2023-08-16,PROD79,5,370.37,Electronics
ORD000610,CUST100,2023-04-04,PROD51,2,481.47,Clothing
ORD000611,CUST109,2022-08-03,PROD75,1,409.04,Clothing
ORD000612,CUST142,2023-05-24,PROD81,4,46.66,Groceries
ORD000613,CUST129,2022-04-12,PROD24,8,170.27,Electronics
ORD000614,CUST13,2022-06-05,PROD92,9,184.26,Clothing
ORD000615,CUST57,2024-07-22,PROD84,3,56.89,Electronics
ORD000616,CUST128,2022-12-03,PROD2,4,281.34,Home & Garden
ORD000617,CUST164,2024-03-10,PROD94,6,444.04,Health & Beauty
ORD000618,CUST112,2023-04-28,PROD42,1,469.79,Health & Beauty
ORD000619,CUST153,2024-06-22,PROD97,2,65.02,Groceries
ORD000620,CUST57,2022-10-31,PROD96,5,138.89,Clothing
ORD000621,CUST198,2024-06-08,PROD8,5,275.53,Health & Beauty
ORD000622,CUST189,2022-03-31,PROD45,7,427.12,Clothing
ORD000623,CUST136,2022-05-03,PROD61,8,138.88,Health & Beauty
ORD000624,CUST32,2022-08-28,PROD79,8,6.53,Health & Beauty
ORD000625,CUST37,2023-10-05,PROD27,9,138.74,Home & Garden
ORD000626,CUST167,2023-08-22,PROD22,5,379.13,Groceries
ORD000627,CUST40,2023-07-28,PROD1,7,247.02,Home & Garden
ORD000628,CUST145,2024-02-19,PROD49,9,304.05,Clothing
ORD000629,CUST93,2024-09-25,PROD39,1,241.51,Clothing
ORD000630,CUST110,2023-05-14,PROD46,6,80.94,Groceries
ORD000631,CUST164,2022-01-23,PROD27,8,479.47,Home & Garden
ORD000632,CUST76,2022-12-01,PROD14,3,134.13,Health & Beauty
ORD000633,CUST118,2023-10-09,PROD31,5,63.28,Home & Garden
ORD000634,CUST155,2024-07-07,PROD26,8,131.64,Health & Beauty
ORD000635,CUST159,2024-09-14,PROD2,9,193.5,Health & Beauty
ORD000636,CUST102,2022-10-19,PROD14,6,343.59,Groceries
ORD000637,CUST52,2024-08-26,PROD48,1,263.83,Health & Beauty
ORD000638,CUST162,2024-07-13,PROD60,9,398.93,Electronics
ORD000639,CUST49,2023-01-14,PROD20,5,329.33,Groceries
ORD000640,CUST125,2023-09-01,PROD1,4,246.73,Home & Garden
ORD000641,CUST160,2024-02-24,PROD99,9,223.04,Health & Beauty
ORD000642,CUST24,2022-01-09,PROD54,8,470.16,Groceries
ORD000643,CUST148,2023-11-24,PROD73,4,146.16,Clothing
ORD000644,CUST168,2022-05-26,PROD93,2,273.09,Health & Beauty
ORD000645,CUST33,2023-06-15,PROD53,4,238.41,Clothing
ORD000646,CUST148,2023-01-23,PROD96,8,99.49,Electronics
ORD000647,CUST24,2024-05-21,PROD67,1,232.77,Clothing
ORD000648,CUST110,2024-08-18,PROD58,5,371.03,Home & Garden
ORD000649,CUST101,2022-03-30,PROD71,1,257.7,Home & Garden
ORD000650,CUST40,2024-04-08,PROD26,2,373.02,Electronics
ORD000651,CUST40,2023-04-18,PROD94,6,232.45,Home & Garden
ORD000652,CUST142,2023-08-28,PROD4,7,155.96,Groceries
ORD000653,CUST170,2023-03-09,PROD62,8,68.88,Electronics
ORD000654,CUST98,2023-04-23,PROD8,6,470.76,Health & Beauty
ORD000655,CUST74,2022-10-20,PROD57,6,479.52,Health & Beauty
ORD000656,CUST125,2022-03-12,PROD15,7,446.78,Health & Beauty
ORD000657,CUST173,2023-07-22,PROD23,7,141.64,Electronics
ORD000658,CUST72,2022-10-04,PROD94,3,146.78,Health & Beauty
ORD000659,CUST137,2022-10-06,PROD14,7,483.32,Clothing
ORD000660,CUST183,2022-09-26,PROD61,6,71.48,Health & Beauty
ORD000661,CUST119,2022-02-23,PROD16,9,118.67,Electronics
ORD000662,CUST155,2022-09-06,PROD38,8,467.89,Home & Garden
ORD000663,CUST25,2024-01-16,PROD6,4,278.31,Home & Garden
ORD000664,CUST174,2022-03-01,PROD81,8,237.48,Health & Beauty
ORD000665,CUST69,2024-06-19,PROD58,5,63.88,Home & Garden
ORD000666,CUST187,2022-10-06,PROD64,4,19.75,Health & Beauty
ORD000667,CUST82,2023-02-27,PROD12,6,142.75,Electronics
ORD000668,CUST174,2024-07-17,PROD65,4,259.97,Clothing
ORD000669,CUST126,2022-03-30,PROD28,1,399.8,Clothing
ORD000670,CUST123,2022-02-04,PROD82,7,398.85,Health & Beauty
ORD000671,CUST120,2022-07-31,PROD13,8,40.4,Clothing
ORD000672,CUST156,2023-01-07,PROD10,1,435.78,Groceries
ORD000673,CUST1,2024-07-09,PROD14,7,46.97,Health & Beauty
ORD000674,CUST24,2023-01-03,PROD66,4,425.2,Health & Beauty
ORD000675,CUST169,2023-06-13,PROD16,7,121.37,Home & Garden
ORD000676,CUST12,2022-09-27,PROD40,7,201.73,Health & Beauty
ORD000677,CUST133,2022-05-16,PROD36,2,293.19,Health & Beauty
ORD000678,CUST18,2024-02-01,PROD94,2,208.27,Health & Beauty
ORD000679,CUST148,2023-08-01,PROD21,8,100.35,Groceries
ORD000680,CUST197,2022-06-21,PROD2,3,399.44,Health & Beauty
ORD000681,CUST189,2022-05-01,PROD97,1,460.7,Health & Beauty
ORD000682,CUST156,2022-02-24,PROD16,5,360.58,Home & Garden
ORD000683,CUST6,2024-07-09,PROD2,8,238.04,Clothing
ORD000684,CUST66,2024-09-10,PROD20,6,472.81,Health & Beauty
ORD000685,CUST20,2022-02-18,PROD18,6,252.32,Clothing
ORD000686,CUST25,2023-04-04,PROD82,7,199.26,Clothing
ORD000687,CUST68,2024-08-13,PROD49,4,141.66,Home & Garden
ORD000688,CUST11,2023-04-12,PROD78,4,84.61,Clothing
ORD000689,CUST1,2023-10-11,PROD30,7,187.76,Groceries
ORD000690,CUST42,2022-07-06,PROD72,6,87.93,Health & Beauty
ORD000691,CUST166,2022-02-25,PROD36,9,287.24,Clothing
ORD000692,CUST122,2023-08-11,PROD65,5,99.95,Electronics
ORD000693,CUST114,2024-02-09,PROD8,2,84.49,Clothing
ORD000694,CUST69,2022-07-25,PROD64,3,83.07,Electronics
ORD000695,CUST178,2022-03-05,PROD59,2,150.67,Clothing
ORD000696,CUST45,2024-01-20,PROD66,9,321.75,Groceries
ORD000697,CUST4,2022-12-12,PROD66,4,175.87,Home & Garden
ORD000698,CUST117,2022-08-24,PROD47,4,311.09,Home & Garden
ORD000699,CUST164,2023-11-29,PROD51,3,34.18,Clothing
ORD000700,CUST13,2023-06-03,PROD58,4,435.09,Groceries
ORD000701,CUST191,2024-07-26,PROD86,4,219.11,Clothing
ORD000702,CUST154,2022-07-01,PROD14,3,414.33,Health & Beauty
ORD000703,CUST191,2022-06-06,PROD91,6,248.3,Home & Garden
ORD000704,CUST98,2022-06-22,PROD46,8,404.61,Home & Garden
ORD000705,CUST193,2022-12-23,PROD97,6,70.1,Home & Garden
ORD000706,CUST130,2024-09-30,PROD79,7,164.96,Home & Garden
ORD000707,CUST149,2023-01-19,PROD25,3,255.88,Clothing
ORD000708,CUST167,2022-06-01,PROD76,5,208.18,Home & Garden
ORD000709,CUST166,2023-03-11,PROD2,9,431.98,Home & Garden
ORD000710,CUST155,2023-08-17,PROD17,6,219.62,Clothing
ORD000711,CUST44,2022-03-07,PROD42,3,10.93,Clothing
ORD000712,CUST188,2022-09-21,PROD89,5,34.89,Health & Beauty
ORD000713,CUST50,2023-11-27,PROD26,5,218.75,Groceries
ORD000714,CUST172,2024-06-08,PROD7,6,247.7,Home & Garden
ORD000715,CUST26,2024-02-29,PROD58,5,458.48,Home & Garden
ORD000716,CUST94,2022-07-30,PROD22,9,22.77,Home & Garden
ORD000717,CUST67,2023-04-04,PROD22,9,25.49,Health & Beauty
ORD000718,CUST4,2024-05-28,PROD100,9,338.58,Home & Garden
ORD000719,CUST106,2023-04-21,PROD44,8,241.1,Groceries
ORD000720,CUST186,2022-05-08,PROD49,3,219.53,Home & Garden
ORD000721,CUST195,2024-02-26,PROD64,1,121.61,Clothing
ORD000722,CUST46,2024-08-02,PROD100,4,316.5,Electronics
ORD000723,CUST159,2022-05-24,PROD18,4,321.65,Electronics
ORD000724,CUST42,2023-07-30,PROD69,6,481.49,Clothing
ORD000725,CUST18,2022-12-31,PROD17,9,425.85,Health & Beauty
ORD000726,CUST64,2024-01-31,PROD99,2,377.6,Health & Beauty
ORD000727,CUST33,2022-06-21,PROD84,4,66.63,Electronics
ORD000728,CUST181,2022-07-15,PROD64,8,37.34,Clothing
ORD000729,CUST66,2023-03-15,PROD22,4,149.01,Home & Garden
ORD000730,CUST122,2023-12-09,PROD64,2,192.52,Clothing
ORD000731,CUST182,2024-02-09,PROD56,9,357.05,Health & Beauty
ORD000732,CUST188,2024-04-29,PROD8,2,67.54,Electronics
ORD000733,CUST5,2023-04-14,PROD97,3,447.77,Clothing
ORD000734,CUST59,2023-08-03,PROD19,1,233.88,Health & Beauty
ORD000735,CUST66,2024-06-19,PROD8,1,329.07,Clothing
ORD000736,CUST14,2022-10-08,PROD74,6,289.25,Clothing
ORD000737,CUST135,2024-02-02,PROD64,4,336.08,Groceries
ORD000738,CUST196,2023-08-20,PROD33,2,351.63,Home & Garden
ORD000739,CUST173,2022-03-24,PROD18,5,378.72,Groceries
ORD000740,CUST155,2022-03-16,PROD32,4,200.41,Clothing
ORD000741,CUST76,2024-02-10,PROD20,4,80.78,Home & Garden
ORD000742,CUST89,2024-05-06,PROD79,9,499.17,Clothing
ORD000743,CUST130,2023-02-28,PROD66,6,400.11,Home & Garden
ORD000744,CUST155,2022-11-24,PROD77,5,368.22,Home & Garden
ORD000745,CUST31,2024-08-11,PROD68,5,358.94,Clothing
ORD000746,CUST20,2022-08-25,PROD83,8,184.79,Groceries
ORD000747,CUST21,2022-07-15,PROD48,4,492.67,Groceries
ORD000748,CUST156,2023-09-01,PROD28,7,395.63,Electronics
ORD000749,CUST179,2022-08-17,PROD58,5,76.59,Groceries
ORD000750,CUST128,2023-05-29,PROD98,3,492.82,Home & Garden
ORD000751,CUST188,2022-10-18,PROD69,9,17.3,Electronics
ORD000752,CUST11,2023-07-14,PROD56,9,164.49,Clothing
ORD000753,CUST10,2023-06-05,PROD7,6,79.8,Groceries
ORD000754,CUST112,2022-03-07,PROD99,5,356.13,Groceries
ORD000755,CUST172,2024-05-04,PROD40,3,295.52,Clothing
ORD000756,CUST172,2022-03-09,PROD3,6,323.23,Electronics
ORD000757,CUST104,2024-07-01,PROD10,1,170.53,Groceries
ORD000758,CUST50,2023-04-28,PROD5,4,409.41,Electronics
ORD000759,CUST121,2022-07-01,PROD20,7,407.02,Clothing
ORD000760,CUST35,2024-02-23,PROD17,9,421.56,Groceries
ORD000761,CUST66,2023-10-03,PROD90,7,96.47,Home & Garden
ORD000762,CUST107,2023-05-08,PROD45,3,75.54,Groceries
ORD000763,CUST68,2023-06-29,PROD27,3,108.29,Health & Beauty
ORD000764,CUST168,2024-06-18,PROD3,2,80.77,Health & Beauty
ORD000765,CUST70,2023-01-17,PROD16,9,128.32,Health & Beauty
ORD000766,CUST12,2023-12-09,PROD93,5,169.33,Groceries
ORD000767,CUST68,2022-01-20,PROD44,9,55.53,Clothing
ORD000768,CUST10,2022-12-13,PROD25,1,368.04,Clothing
ORD000769,CUST100,2024-06-19,PROD71,7,31.39,Groceries
ORD000770,CUST131,2023-12-16,PROD94,1,268.67,Clothing
ORD000771,CUST109,2022-05-09,PROD92,2,241.35,Clothing
ORD000772,CUST52,2022-08-04,PROD17,2,52.41,Groceries
ORD000773,CUST173,2022-01-07,PROD3,7,450.21,Clothing
ORD000774,CUST69,2023-10-26,PROD1,3,447.13,Clothing
ORD000775,CUST131,2023-05-01,PROD18,4,156.54,Groceries
ORD000776,CUST8,2023-07-08,PROD96,6,182.72,Home & Garden
ORD000777,CUST66,2023-12-31,PROD62,5,413.63,Electronics
ORD000778,CUST163,2022-03-20,PROD30,3,95.41,Electronics
ORD000779,CUST41,2023-04-28,PROD32,5,167.54,Groceries
ORD000780,CUST200,2023-08-17,PROD79,6,407.86,Home & Garden
ORD000781,CUST75,2023-05-18,PROD52,3,372.64,Electronics
ORD000782,CUST92,2024-01-29,PROD8,9,206.74,Electronics
ORD000783,CUST129,2022-10-18,PROD62,7,267.05,Groceries
ORD000784,CUST134,2022-02-08,PROD65,3,353.5,Clothing
ORD000785,CUST61,2022-11-11,PROD83,9,226.44,Home & Garden
ORD000786,CUST180,2022-09-20,PROD100,7,10.31,Clothing
ORD000787,CUST85,2022-09-06,PROD18,9,258.08,Clothing
ORD000788,CUST184,2022-02-12,PROD53,9,141.06,Home & Garden
ORD000789,CUST156,2024-02-01,PROD76,1,170.98,Health & Beauty
ORD000790,CUST59,2022-04-06,PROD20,6,150.36,Clothing
ORD000791,CUST117,2022-09-19,PROD50,1,247.81,Groceries
ORD000792,CUST168,2022-12-04,PROD93,9,34.04,Clothing
ORD000793,CUST116,2024-05-07,PROD64,3,292.61,Health & Beauty
ORD000794,CUST185,2022-05-20,PROD92,8,181.01,Groceries
ORD000795,CUST23,2023-10-09,PROD32,8,498.78,Groceries
ORD000796,CUST182,2023-03-23,PROD44,5,61.41,Groceries
ORD000797,CUST2,2023-06-14,PROD35,1,91.57,Home & Garden
ORD000798,CUST133,2022-10-05,PROD27,5,100.57,Groceries
ORD000799,CUST73,2023-05-06,PROD91,1,456.85,Home & Garden
ORD000800,CUST61,2023-05-07,PROD32,4,231.3,Groceries
ORD000801,CUST136,2024-05-10,PROD65,5,493.24,Groceries
ORD000802,CUST137,2024-01-03,PROD44,5,484.83,Electronics
ORD000803,CUST178,2022-02-22,PROD77,5,498.48,Health & Beauty
ORD000804,CUST176,2023-11-13,PROD84,3,245.54,Health & Beauty
ORD000805,CUST173,2023-04-04,PROD83,8,148.76,Clothing
ORD000806,CUST100,2022-01-13,PROD55,8,20.53,Groceries
ORD000807,CUST87,2022-08-04,PROD52,2,65.08,Electronics
ORD000808,CUST5,2024-07-01,PROD78,6,435.3,Groceries
ORD000809,CUST72,2022-11-06,PROD16,9,425.81,Groceries
ORD000810,CUST184,2024-01-21,PROD86,2,109.27,Groceries
ORD000811,CUST123,2024-03-30,PROD94,7,395.86,Health & Beauty
ORD000812,CUST167,2023-09-23,PROD26,6,111.9,Home & Garden
ORD000813,CUST151,2023-12-09,PROD63,2,387.04,Electronics
ORD000814,CUST61,2022-03-11,PROD93,6,378.37,Home & Garden
ORD000815,CUST56,2023-08-16,PROD60,4,163.61,Groceries
ORD000816,CUST133,2023-04-01,PROD95,9,410.98,Clothing
ORD000817,CUST34,2023-07-10,PROD16,2,484.57,Health & Beauty
ORD000818,CUST100,2023-04-24,PROD52,6,426.73,Groceries
ORD000819,CUST72,2022-10-01,PROD86,4,31.67,Health & Beauty
ORD000820,CUST95,2022-11-29,PROD10,8,123.61,Electronics
ORD000821,CUST7,2022-11-15,PROD83,8,277.29,Groceries
ORD000822,CUST7,2024-07-29,PROD44,2,241.16,Health & Beauty
ORD000823,CUST15,2022-07-21,PROD55,6,124.98,Clothing
ORD000824,CUST75,2022-10-22,PROD24,9,416.48,Home & Garden
ORD000825,CUST194,2024-05-08,PROD89,2,300.74,Clothing
ORD000826,CUST13,2022-03-16,PROD9,3,346.12,Health & Beauty
ORD000827,CUST149,2024-08-28,PROD11,5,89.93,Clothing
ORD000828,CUST141,2024-03-14,PROD28,5,354.1,Home & Garden
ORD000829,CUST79,2023-12-21,PROD80,3,480.27,Electronics
ORD000830,CUST65,2024-02-12,PROD75,4,173.19,Home & Garden
ORD000831,CUST49,2022-01-17,PROD86,1,224.71,Clothing
ORD000832,CUST12,2022-10-06,PROD21,4,276.12,Groceries
ORD000833,CUST147,2023-06-11,PROD75,2,144.79,Home & Garden
ORD000834,CUST127,2022-10-25,PROD82,8,113.69,Electronics
ORD000835,CUST180,2024-05-20,PROD73,1,325.62,Electronics
ORD000836,CUST97,2022-12-16,PROD96,3,104.09,Health & Beauty
ORD000837,CUST16,2024-05-19,PROD82,8,99.98,Health & Beauty
ORD000838,CUST25,2023-03-02,PROD64,8,6.88,Home & Garden
ORD000839,CUST111,2022-05-24,PROD31,6,415.59,Clothing
ORD000840,CUST179,2024-04-08,PROD70,6,60.04,Home & Garden
ORD000841,CUST179,2023-02-24,PROD46,5,191.27,Home & Garden
ORD000842,CUST64,2024-01-02,PROD51,1,467.36,Electronics
ORD000843,CUST87,2023-05-17,PROD39,4,447.23,Groceries
ORD000844,CUST86,2022-06-13,PROD55,9,215.54,Home & Garden
ORD000845,CUST138,2022-07-29,PROD72,1,429.38,Groceries
ORD000846,CUST130,2022-10-12,PROD3,3,327.27,Clothing
ORD000847,CUST152,2023-08-12,PROD4,6,420.06,Clothing
ORD000848,CUST136,2024-02-06,PROD92,5,81.6,Home & Garden
ORD000849,CUST67,2023-08-29,PROD87,6,478.65,Health & Beauty
ORD000850,CUST189,2023-12-04,PROD10,4,362.76,Health & Beauty
ORD000851,CUST6,2023-03-02,PROD24,8,337.15,Groceries
ORD000852,CUST17,2022-12-12,PROD55,2,349.04,Electronics
ORD000853,CUST9,2022-08-09,PROD52,2,88.04,Health & Beauty
ORD000854,CUST170,2022-05-10,PROD86,4,242.99,Home & Garden
ORD000855,CUST171,2022-07-30,PROD75,6,251.25,Home & Garden
ORD000856,CUST111,2024-06-15,PROD95,6,485.61,Groceries
ORD000857,CUST14,2024-05-04,PROD25,1,179.03,Clothing
ORD000858,CUST68,2024-07-12,PROD41,9,493.28,Clothing
ORD000859,CUST91,2022-01-22,PROD36,2,454.15,Groceries
ORD000860,CUST153,2023-06-19,PROD21,8,279.6,Groceries
ORD000861,CUST78,2024-01-11,PROD38,1,302.68,Clothing
ORD000862,CUST23,2023-05-07,PROD85,4,46.19,Groceries
ORD000863,CUST4,2022-10-13,PROD4,3,287.34,Electronics
ORD000864,CUST124,2023-09-21,PROD34,4,156.11,Groceries
ORD000865,CUST167,2023-01-11,PROD94,7,332.52,Groceries
ORD000866,CUST158,2023-07-17,PROD6,4,11.11,Electronics
ORD000867,CUST53,2024-09-14,PROD32,9,322.31,Electronics
ORD000868,CUST63,2023-08-19,PROD17,7,198.02,Home & Garden
ORD000869,CUST175,2022-03-03,PROD60,1,469.07,Clothing
ORD000870,CUST108,2023-05-23,PROD6,2,489.03,Home & Garden
ORD000871,CUST73,2022-12-15,PROD100,6,218.63,Home & Garden
ORD000872,CUST123,2024-06-26,PROD49,1,478.9,Groceries
ORD000873,CUST160,2023-08-08,PROD22,1,259.01,Electronics
ORD000874,CUST73,2024-02-09,PROD91,8,375.99,Home & Garden
ORD000875,CUST37,2024-07-01,PROD20,4,218.46,Home & Garden
ORD000876,CUST57,2023-11-20,PROD91,9,141.75,Health & Beauty
ORD000877,CUST93,2022-06-22,PROD67,4,193.93,Clothing
ORD000878,CUST185,2023-07-29,PROD29,1,377.52,Health & Beauty
ORD000879,CUST145,2024-04-08,PROD26,2,382.25,Home & Garden
ORD000880,CUST192,2022-11-02,PROD10,3,380.56,Groceries
ORD000881,CUST84,2023-12-18,PROD37,5,52.65,Electronics
ORD000882,CUST123,2022-08-29,PROD31,5,9.03,Health & Beauty
ORD000883,CUST105,2022-01-04,PROD65,6,349.71,Groceries
ORD000884,CUST116,2024-06-01,PROD82,4,177.98,Electronics
ORD000885,CUST54,2024-01-09,PROD82,4,9.67,Health & Beauty
ORD000886,CUST143,2022-01-10,PROD20,9,173.95,Health & Beauty
ORD000887,CUST153,2024-08-18,PROD52,8,419.95,Health & Beauty
ORD000888,CUST196,2023-05-05,PROD63,1,327.69,Home & Garden
ORD000889,CUST197,2024-02-27,PROD17,2,451.84,Electronics
ORD000890,CUST85,2024-01-01,PROD65,6,71.33,Groceries
ORD000891,CUST179,2024-06-22,PROD87,4,156.52,Electronics
ORD000892,CUST85,2022-06-18,PROD88,8,228.85,Home & Garden
ORD000893,CUST53,2022-06-04,PROD25,6,367.2,Groceries
ORD000894,CUST73,2024-04-06,PROD1,7,113.48,Health & Beauty
ORD000895,CUST10,2023-01-21,PROD5,2,91.81,Home & Garden
ORD000896,CUST89,2023-05-16,PROD22,1,35.24,Groceries
ORD000897,CUST49,2023-07-09,PROD4,4,301.85,Groceries
ORD000898,CUST84,2022-07-04,PROD77,7,28.4,Electronics
ORD000899,CUST60,2022-09-26,PROD10,9,19.02,Home & Garden
ORD000900,CUST134,2022-03-30,PROD20,9,341.09,Clothing
ORD000901,CUST54,2023-08-11,PROD74,4,53.84,Groceries
ORD000902,CUST197,2022-05-01,PROD65,4,327.91,Health & Beauty
ORD000903,CUST179,2022-05-17,PROD95,4,490.55,Home & Garden
ORD000904,CUST46,2023-07-13,PROD93,3,377.39,Groceries
ORD000905,CUST193,2022-07-08,PROD2,1,122.25,Home & Garden
ORD000906,CUST81,2022-02-03,PROD5,5,78.8,Clothing
ORD000907,CUST173,2022-05-11,PROD79,3,378.38,Clothing
ORD000908,CUST141,2024-03-16,PROD2,1,417.31,Groceries
ORD000909,CUST49,2022-11-30,PROD25,3,61.17,Home & Garden
ORD000910,CUST74,2023-05-13,PROD9,8,237.86,Electronics
ORD000911,CUST150,2022-11-14,PROD20,7,9.97,Clothing
ORD000912,CUST80,2023-05-02,PROD22,3,129.93,Clothing
ORD000913,CUST15,2022-10-14,PROD2,5,477.59,Electronics
ORD000914,CUST77,2023-12-03,PROD87,1,496.21,Home & Garden
ORD000915,CUST78,2024-06-07,PROD93,5,280.22,Home & Garden
ORD000916,CUST83,2022-05-28,PROD72,7,373.59,Groceries
ORD000917,CUST154,2022-10-01,PROD44,5,189.82,Groceries
ORD000918,CUST145,2023-10-10,PROD77,9,153.51,Home & Garden
ORD000919,CUST110,2022-04-11,PROD33,3,147.01,Health & Beauty
ORD000920,CUST81,2022-09-11,PROD47,9,210.68,Health & Beauty
ORD000921,CUST184,2024-06-25,PROD84,6,234.63,Electronics
ORD000922,CUST105,2023-04-29,PROD29,4,40.55,Home & Garden
ORD000923,CUST51,2023-03-16,PROD89,7,259.81,Home & Garden
ORD000924,CUST158,2023-01-06,PROD58,1,275.46,Groceries
ORD000925,CUST164,2023-04-09,PROD33,3,315.03,Clothing
ORD000926,CUST191,2023-12-16,PROD40,7,430.5,Home & Garden
ORD000927,CUST199,2022-06-14,PROD33,3,292.84,Health & Beauty
ORD000928,CUST160,2022-02-23,PROD7,7,327.97,Home & Garden
ORD000929,CUST118,2023-10-16,PROD10,8,62.25,Home & Garden
ORD000930,CUST40,2023-10-23,PROD97,3,97.05,Health & Beauty
ORD000931,CUST124,2024-07-16,PROD90,7,281.62,Electronics
ORD000932,CUST19,2024-01-05,PROD4,5,391.06,Health & Beauty
ORD000933,CUST107,2024-08-17,PROD8,1,353.44,Electronics
ORD000934,CUST45,2023-04-30,PROD84,9,142.86,Electronics
ORD000935,CUST79,2024-08-30,PROD63,1,178.58,Electronics
ORD000936,CUST174,2022-07-10,PROD23,8,40.48,Home & Garden
ORD000937,CUST25,2023-11-11,PROD71,5,72.17,Groceries
ORD000938,CUST18,2023-11-07,PROD89,8,249.84,Groceries
ORD000939,CUST139,2023-02-27,PROD86,5,300.4,Electronics
ORD000940,CUST102,2022-12-28,PROD16,7,166.89,Health & Beauty
ORD000941,CUST148,2022-11-23,PROD2,3,141.1,Health & Beauty
ORD000942,CUST44,2024-02-23,PROD79,1,33.62,Clothing
ORD000943,CUST45,2024-07-08,PROD3,2,64.37,Health & Beauty
ORD000944,CUST161,2024-02-19,PROD38,5,234.45,Clothing
ORD000945,CUST40,2022-10-20,PROD2,4,268.16,Clothing
ORD000946,CUST170,2023-04-27,PROD76,1,260.92,Home & Garden
ORD000947,CUST74,2024-03-21,PROD34,7,227.88,Clothing
ORD000948,CUST198,2022-05-26,PROD34,7,394.33,Groceries
ORD000949,CUST158,2024-07-27,PROD50,7,327.06,Electronics
ORD000950,CUST10,2024-08-17,PROD9,5,181.31,Clothing
ORD000951,CUST73,2024-03-29,PROD58,7,197.23,Groceries
ORD000952,CUST55,2024-05-17,PROD46,7,484.93,Groceries
ORD000953,CUST142,2024-03-04,PROD89,9,316.7,Electronics
ORD000954,CUST1,2022-10-26,PROD52,5,381.08,Electronics
ORD000955,CUST78,2022-12-17,PROD38,3,20.15,Groceries
ORD000956,CUST23,2023-08-13,PROD4,1,244.06,Electronics
ORD000957,CUST11,2022-02-26,PROD36,8,333.65,Groceries
ORD000958,CUST112,2023-06-01,PROD48,2,211.85,Clothing
ORD000959,CUST44,2023-01-11,PROD91,6,313.23,Electronics
ORD000960,CUST27,2022-01-09,PROD93,4,136.14,Groceries
ORD000961,CUST175,2024-07-04,PROD53,3,493.8,Home & Garden
ORD000962,CUST3,2023-03-12,PROD19,6,333.6,Health & Beauty
ORD000963,CUST3,2022-01-28,PROD21,1,60.57,Clothing
ORD000964,CUST59,2022-09-16,PROD37,6,276.95,Groceries
ORD000965,CUST118,2022-12-17,PROD43,6,393.12,Clothing
ORD000966,CUST52,2023-01-25,PROD79,2,250.59,Clothing
ORD000967,CUST162,2024-05-19,PROD2,3,237.54,Groceries
ORD000968,CUST26,2022-07-05,PROD66,8,217.19,Groceries
ORD000969,CUST45,2022-09-07,PROD37,1,310.81,Groceries
ORD000970,CUST73,2023-08-05,PROD31,4,127.65,Groceries
ORD000971,CUST32,2022-06-17,PROD81,5,315.8,Health & Beauty
ORD000972,CUST121,2022-11-01,PROD61,8,53.18,Clothing
ORD000973,CUST94,2022-06-04,PROD35,8,75.61,Home & Garden
ORD000974,CUST190,2024-03-02,PROD38,3,58.32,Health & Beauty
ORD000975,CUST130,2024-09-14,PROD94,4,471.11,Clothing
ORD000976,CUST18,2023-10-30,PROD9,4,197.13,Health & Beauty
ORD000977,CUST104,2024-03-02,PROD31,6,453.63,Health & Beauty
ORD000978,CUST151,2024-08-04,PROD88,2,264.9,Groceries
ORD000979,CUST24,2024-08-14,PROD94,8,455.05,Health & Beauty
ORD000980,CUST57,2024-02-08,PROD7,5,215.09,Clothing
ORD000981,CUST151,2022-08-23,PROD44,7,112.91,Home & Garden
ORD000982,CUST40,2023-10-24,PROD57,7,193.21,Electronics
ORD000983,CUST180,2023-09-26,PROD86,9,465.34,Clothing
ORD000984,CUST102,2024-09-30,PROD57,9,156.66,Clothing
ORD000985,CUST162,2024-09-05,PROD12,5,479.27,Clothing
ORD000986,CUST131,2023-10-24,PROD48,2,457.22,Home & Garden
ORD000987,CUST106,2024-09-05,PROD92,9,166.29,Electronics
ORD000988,CUST33,2023-05-19,PROD86,5,137.39,Health & Beauty
ORD000989,CUST196,2023-08-12,PROD80,1,191.64,Home & Garden
ORD000990,CUST63,2022-07-21,PROD63,8,396.45,Electronics
ORD000991,CUST60,2023-01-12,PROD75,1,173.34,Home & Garden
ORD000992,CUST191,2023-04-28,PROD76,5,112.45,Health & Beauty
ORD000993,CUST7,2024-03-15,PROD58,3,6.85,Health & Beauty
ORD000994,CUST115,2023-11-22,PROD97,9,342.66,Health & Beauty
ORD000995,CUST12,2024-06-29,PROD5,3,242.4,Health & Beauty
ORD000996,CUST2,2022-05-02,PROD74,2,41.17,Health & Beauty
ORD000997,CUST20,2024-09-26,PROD16,9,77.16,Health & Beauty
ORD000998,CUST192,2022-04-03,PROD30,8,412.5,Electronics
ORD000999,CUST10,2024-09-27,PROD3,3,416.63,Electronics
ORD001000,CUST27,2022-08-27,PROD29,9,176.86,Groceries
